[{"model": "auth.permission", "pk": 1, "fields": {"name": "Can add log entry", "content_type": 1, "codename": "add_logentry"}}, {"model": "auth.permission", "pk": 2, "fields": {"name": "Can change log entry", "content_type": 1, "codename": "change_logentry"}}, {"model": "auth.permission", "pk": 3, "fields": {"name": "Can delete log entry", "content_type": 1, "codename": "delete_logentry"}}, {"model": "auth.permission", "pk": 4, "fields": {"name": "Can view log entry", "content_type": 1, "codename": "view_logentry"}}, {"model": "auth.permission", "pk": 5, "fields": {"name": "Can add permission", "content_type": 2, "codename": "add_permission"}}, {"model": "auth.permission", "pk": 6, "fields": {"name": "Can change permission", "content_type": 2, "codename": "change_permission"}}, {"model": "auth.permission", "pk": 7, "fields": {"name": "Can delete permission", "content_type": 2, "codename": "delete_permission"}}, {"model": "auth.permission", "pk": 8, "fields": {"name": "Can view permission", "content_type": 2, "codename": "view_permission"}}, {"model": "auth.permission", "pk": 9, "fields": {"name": "Can add group", "content_type": 3, "codename": "add_group"}}, {"model": "auth.permission", "pk": 10, "fields": {"name": "Can change group", "content_type": 3, "codename": "change_group"}}, {"model": "auth.permission", "pk": 11, "fields": {"name": "Can delete group", "content_type": 3, "codename": "delete_group"}}, {"model": "auth.permission", "pk": 12, "fields": {"name": "Can view group", "content_type": 3, "codename": "view_group"}}, {"model": "auth.permission", "pk": 13, "fields": {"name": "Can add content type", "content_type": 4, "codename": "add_contenttype"}}, {"model": "auth.permission", "pk": 14, "fields": {"name": "Can change content type", "content_type": 4, "codename": "change_contenttype"}}, {"model": "auth.permission", "pk": 15, "fields": {"name": "Can delete content type", "content_type": 4, "codename": "delete_contenttype"}}, {"model": "auth.permission", "pk": 16, "fields": {"name": "Can view content type", "content_type": 4, "codename": "view_contenttype"}}, {"model": "auth.permission", "pk": 17, "fields": {"name": "Can add session", "content_type": 5, "codename": "add_session"}}, {"model": "auth.permission", "pk": 18, "fields": {"name": "Can change session", "content_type": 5, "codename": "change_session"}}, {"model": "auth.permission", "pk": 19, "fields": {"name": "Can delete session", "content_type": 5, "codename": "delete_session"}}, {"model": "auth.permission", "pk": 20, "fields": {"name": "Can view session", "content_type": 5, "codename": "view_session"}}, {"model": "auth.permission", "pk": 21, "fields": {"name": "Can add blacklisted token", "content_type": 6, "codename": "add_blacklistedtoken"}}, {"model": "auth.permission", "pk": 22, "fields": {"name": "Can change blacklisted token", "content_type": 6, "codename": "change_blacklistedtoken"}}, {"model": "auth.permission", "pk": 23, "fields": {"name": "Can delete blacklisted token", "content_type": 6, "codename": "delete_blacklistedtoken"}}, {"model": "auth.permission", "pk": 24, "fields": {"name": "Can view blacklisted token", "content_type": 6, "codename": "view_blacklistedtoken"}}, {"model": "auth.permission", "pk": 25, "fields": {"name": "Can add outstanding token", "content_type": 7, "codename": "add_outstandingtoken"}}, {"model": "auth.permission", "pk": 26, "fields": {"name": "Can change outstanding token", "content_type": 7, "codename": "change_outstandingtoken"}}, {"model": "auth.permission", "pk": 27, "fields": {"name": "Can delete outstanding token", "content_type": 7, "codename": "delete_outstandingtoken"}}, {"model": "auth.permission", "pk": 28, "fields": {"name": "Can view outstanding token", "content_type": 7, "codename": "view_outstandingtoken"}}, {"model": "auth.permission", "pk": 29, "fields": {"name": "Can add category", "content_type": 8, "codename": "add_category"}}, {"model": "auth.permission", "pk": 30, "fields": {"name": "Can change category", "content_type": 8, "codename": "change_category"}}, {"model": "auth.permission", "pk": 31, "fields": {"name": "Can delete category", "content_type": 8, "codename": "delete_category"}}, {"model": "auth.permission", "pk": 32, "fields": {"name": "Can view category", "content_type": 8, "codename": "view_category"}}, {"model": "auth.permission", "pk": 33, "fields": {"name": "Can add Product", "content_type": 9, "codename": "add_product"}}, {"model": "auth.permission", "pk": 34, "fields": {"name": "Can change Product", "content_type": 9, "codename": "change_product"}}, {"model": "auth.permission", "pk": 35, "fields": {"name": "Can delete Product", "content_type": 9, "codename": "delete_product"}}, {"model": "auth.permission", "pk": 36, "fields": {"name": "Can view Product", "content_type": 9, "codename": "view_product"}}, {"model": "auth.permission", "pk": 37, "fields": {"name": "Can add delivery cost", "content_type": 10, "codename": "add_deliverycost"}}, {"model": "auth.permission", "pk": 38, "fields": {"name": "Can change delivery cost", "content_type": 10, "codename": "change_deliverycost"}}, {"model": "auth.permission", "pk": 39, "fields": {"name": "Can delete delivery cost", "content_type": 10, "codename": "delete_deliverycost"}}, {"model": "auth.permission", "pk": 40, "fields": {"name": "Can view delivery cost", "content_type": 10, "codename": "view_deliverycost"}}, {"model": "auth.permission", "pk": 41, "fields": {"name": "Can add cart", "content_type": 11, "codename": "add_cart"}}, {"model": "auth.permission", "pk": 42, "fields": {"name": "Can change cart", "content_type": 11, "codename": "change_cart"}}, {"model": "auth.permission", "pk": 43, "fields": {"name": "Can delete cart", "content_type": 11, "codename": "delete_cart"}}, {"model": "auth.permission", "pk": 44, "fields": {"name": "Can view cart", "content_type": 11, "codename": "view_cart"}}, {"model": "auth.permission", "pk": 45, "fields": {"name": "Can add coupon", "content_type": 12, "codename": "add_coupon"}}, {"model": "auth.permission", "pk": 46, "fields": {"name": "Can change coupon", "content_type": 12, "codename": "change_coupon"}}, {"model": "auth.permission", "pk": 47, "fields": {"name": "Can delete coupon", "content_type": 12, "codename": "delete_coupon"}}, {"model": "auth.permission", "pk": 48, "fields": {"name": "Can view coupon", "content_type": 12, "codename": "view_coupon"}}, {"model": "auth.permission", "pk": 49, "fields": {"name": "Can add campaign", "content_type": 13, "codename": "add_campaign"}}, {"model": "auth.permission", "pk": 50, "fields": {"name": "Can change campaign", "content_type": 13, "codename": "change_campaign"}}, {"model": "auth.permission", "pk": 51, "fields": {"name": "Can delete campaign", "content_type": 13, "codename": "delete_campaign"}}, {"model": "auth.permission", "pk": 52, "fields": {"name": "Can view campaign", "content_type": 13, "codename": "view_campaign"}}, {"model": "auth.permission", "pk": 53, "fields": {"name": "Can add user", "content_type": 14, "codename": "add_user"}}, {"model": "auth.permission", "pk": 54, "fields": {"name": "Can change user", "content_type": 14, "codename": "change_user"}}, {"model": "auth.permission", "pk": 55, "fields": {"name": "Can delete user", "content_type": 14, "codename": "delete_user"}}, {"model": "auth.permission", "pk": 56, "fields": {"name": "Can view user", "content_type": 14, "codename": "view_user"}}, {"model": "contenttypes.contenttype", "pk": 1, "fields": {"app_label": "admin", "model": "logentry"}}, {"model": "contenttypes.contenttype", "pk": 2, "fields": {"app_label": "auth", "model": "permission"}}, {"model": "contenttypes.contenttype", "pk": 3, "fields": {"app_label": "auth", "model": "group"}}, {"model": "contenttypes.contenttype", "pk": 4, "fields": {"app_label": "contenttypes", "model": "contenttype"}}, {"model": "contenttypes.contenttype", "pk": 5, "fields": {"app_label": "sessions", "model": "session"}}, {"model": "contenttypes.contenttype", "pk": 6, "fields": {"app_label": "token_blacklist", "model": "blacklistedtoken"}}, {"model": "contenttypes.contenttype", "pk": 7, "fields": {"app_label": "token_blacklist", "model": "outstandingtoken"}}, {"model": "contenttypes.contenttype", "pk": 8, "fields": {"app_label": "products", "model": "category"}}, {"model": "contenttypes.contenttype", "pk": 9, "fields": {"app_label": "products", "model": "product"}}, {"model": "contenttypes.contenttype", "pk": 10, "fields": {"app_label": "carts", "model": "deliverycost"}}, {"model": "contenttypes.contenttype", "pk": 11, "fields": {"app_label": "carts", "model": "cart"}}, {"model": "contenttypes.contenttype", "pk": 12, "fields": {"app_label": "discounts", "model": "coupon"}}, {"model": "contenttypes.contenttype", "pk": 13, "fields": {"app_label": "discounts", "model": "campaign"}}, {"model": "contenttypes.contenttype", "pk": 14, "fields": {"app_label": "users", "model": "user"}}, {"model": "sessions.session", "pk": "0k74ni40h6grha8thcdotffs56otuq6m", "fields": {"session_data": ".eJylkN1ymzAQhd-F68YDqu2aXKU2MRWNpMEVP-KmA0IYIcCpMWNQxu9ekVfIxc7O7nxnd89-WOMgrtbzx2fu805Yz1ZedrK3vlmiy2Vr6naUZ8lbUVVy-2P9cl7aK37pDHK7KNEPi_4qqqsYaoOLObBF-lMSGfyOnVC-HYK68PlSw0hDB8vAXS1QAW5t0boG3rewuUjexZ0JnR_gALt4zQ9wiyjT2IMToa82lneZ96f3hUUerokfTiRBGvtZjb3QxiBQWXNeI5BJ4kWA0dBo-XKAw0E8p6BVRjtX4aos48su7P8c3fw2lP1T0577onYm4XtDEsFkdxzm7-57y_bKuMw5F8PwFWsswU2WYg2NhSyt76Y34QbZSCuAdQjMoH-lr5ZBiiRYMso2hCqNPGWzhM2MnmpMM4VBtCEJBMRHgEnzpj7WWRpUeRJK0pjlY3HntBg3W6TH7c7x9f7264Q20ZP6izmtDupNpc7kZuz4aj0ej_9KS6zA:1maeZm:l4Wx-DXPwGPPOtlmzde0XKH65SUggJAPjXN4_6bzrEA", "expire_date": "2021-10-27T13:45:46.901Z"}}, {"model": "sessions.session", "pk": "3mo0sr18g27v4bmnmo51pse7kqdsvy4v", "fields": {"session_data": ".eJylkG-vmjAUxr_KwmsvaVEUfLWpC-IVHIr86baQCkUKFLyA44Lxu69s2XZfbNmym7Rpevo7T5_z3ATaEBY0ZXC6dsL8402gkTCXRkJDm5wIc2FPojcuLYgwEi64IkUThLgh57LqgoEsrnk-EsKK8GIU4IZ3SECCDxA8gKkN5bnElyJOlLECIOIi10v0b-h99N0LfOGlrD9dASDq_zqCNlTnYMp_EsEMqJL0Z0e_QX84Gv9y5CY8vtfmIyviWFUmM-Xv-bxA7585XJNKmN--nQVmgyPMcBFhLkQYpvnPQoVjTHIMJ1B-ex5exLBknGrKjBT1oFGRuCJ1wjtItwHEe0d3dPPoQItul5vkpIXDXT_2OjTpRhUH6CQ1-SlXObzI9bSkIXMY3z1e6rXOnEm41KeG7ffmymrNVTY2Dy3Fxf4ysL5tAaM3nv0-SpFrTcwVynb2ufVdvzdSlO_sfYY0v0NpNhiAoeR0npRnvBfGlkgXsWbFp4XWr_F65mh5sE3KIDse0gNkC-bCmRX6MVp8iGs-JQ5DUtevGc13zRR5Zq_TliIvaXnt2UwNYNrnzrRDyIWeIi3jQlyE7RO0MjO_t2Rk64CPIPkMpUbqy4Z9HPOzRXaSmQceU-H0yNvE2LXoLnVUcY1Zoy4yr3vU96msPNX4_ZfkVEqtGns51KOZakllvEW6Zwj3-_0r3iIvJw:1mbQv1:D7QessBs30FMZrCkN_7ECy1967MVzttgz1MtoHXo_u0", "expire_date": "2021-10-29T17:22:55.706Z"}}, {"model": "sessions.session", "pk": "5r0umrywrd3hhhv0d92oea1qmab3xp6f", "fields": {"session_data": ".eJylkN1ymzAQhd-F68YjCHXqXNU1HiJqSZFN-LuTQTYCZFKLPyvjd6_I5A1ysaPZ3e-c2aMPq1f8aj1_fL4XJrn1bCHECy6urQKP1g-LSyYaM5WsK3mv5NfOAeDx93neLfJWGq5ra35Rs9WVn65clUbDbwHgyVoQEfyNbCp2m6A8-vncwzcNbSyC1WKGjk7XHJuVgf80sGpFLiNpSrMNVFBGbr6BSxSmGntrF3tvAB9GwS7795klPnSRFzTIxxJr-hN725HEW5CGhUglBVmMK6Mbifd5gJ070S1xmtpowYku5JKGyfDanAdwY9TdP1Dy0tb5WPYvTuvS-AmTYJqaLvOhScnynCv1nWipOSdLsIZiFFlSjmY24QoBVKU3FFLbGP0r_Ho2EsgzbIhl5kUy1fXMTCTcOlhjmTpzVKqzqqjJwXzTJdJZEpxYTAWp9qvFr8Tulwe75eqJkzZ2GH8fhno37NYH2iMNu7Cw-UTLmp6t-_3-H-RhsQw:1ma5Yn:j0bSFluMJAw6vKr3uUZX2Pgh-Gi3KQRS8PAGnGE_zWA", "expire_date": "2021-10-26T00:22:25.811Z"}}, {"model": "sessions.session", "pk": "ah2qxlir6jwelwepigs4ljv5nhfbv9tm", "fields": {"session_data": "e30:1mai7X:avgznm4-CNiYJuQih26QTNg16LJiihhTzbeSxWxJ2ok", "expire_date": "2021-10-27T17:32:51.546Z"}}, {"model": "sessions.session", "pk": "axzg7ukriqz8tstmk8bv1r3aqmdjvrpp", "fields": {"session_data": ".eJylkd1u4jAQhV8F5ZokdgqlcLUtIBpaG4UCAbQSchwTHPJHbJcmFe--Nto-wGqlRCMfne94ZvxtccnygywPkWqs0bfFY2sEu1beHEgkykxJdlB1Zo0st6rLWFEpXOhaXUtymTEtT0WlclJI1gkULyTpvBPRGZOo1mX6JWvSeamV7HjAA5oSmUo0xH4g-3KH7IwIm94hmxnIjjRk_4ViJmjNK8nLQrPLUvxWALBhJ-QF6_zb_VXNqekaAuAAI5BPwjMSmVFkrVjX4jlJjOMkZTVyXegNHG114OgJAOAKSSSn7t0k3JzFnLjeYw8ObQCdqkh04pERqWoW_wRelO6OS73cPuhalEiWlLU-wVvXUoLVZummFiQ390om9KdzWK4708LqLrBYkTomvxKjOrTMzROUZ1YIw9fsWDNxMptt5oBtn_mCz982MODv4_kpmlFz9tetDzGfDx1jijyZRdlQm18yPy05zTe5_lsy9oWfb3p07D-i1a7FE9Si1bmHmysnxbIyXrSa9pGHGhxuMjTbNXiyzPEq6SHP_8Ih5rhdP-DZFC5C3zQAqbdptl521mx7DJzBsXqF_cfjGDI8fOMTdPHmh3feBCt5Xs_xaRDY7efHtbDbq3khSpkQ_zPaLsTpfotbn1_5fnu6au0Lpwjg1XNft_2ggy7x7GyCMpSi_i5N-jjc9fb5FODJ2tulVFeqqx47RRC1Lxn-0GsqNu1-Oz-SMOCLFA-dha-woOg8VVu7sSdP13c1GSI-6D_k4fJjWUyD05GoV3BJAut2u_0B3t0n5A:1mb7vn:pCaYzSs4HaZvru0zqvTco4pRCOYd_EglzdYyBPQFjBw", "expire_date": "2021-10-28T21:06:27.997Z"}}, {"model": "sessions.session", "pk": "jv5mz91izsn1g2qd3x9kbmjw3litqdkf", "fields": {"session_data": ".eJylUF1vozAQ_C8830UGot7RpyNAU9N4U1LC10tkHKcYcHKNEwVc5b_XnO4f9GG12pnZ0c5-WlfFz9bj579-pJJbjxYhfM_F-aSQa_2wuKSiN6ikl4ZflfzPOQi5f94nbsZO0ugup44f1WR15oczV43Z4WOMeOGLtYhfMjsRqyBu6iWbZrzV2AYRe7NJVDuXvu49I170uD0JJjNpStMAKyyzOQvwA0lLTTQbicYIxE3Q4-bvpCUy66EFQdJGVO1TByEeQHc2pGwEZztUIbOJxG7pRNMBNnOysXD6zuyiQzJblg9vgw7oKmKwW83XKYk-rgh5NV3QvXJ_Z_Ezes1AvsalSUkZ40p9J1qZQ1sVoLGJUBXNzWADtESvU_-2DhPXGH3sl91k1JMcTKRoIOG-qcIOgYaubBdtJRNUppXho5Es8Q3ezJuOma6K-EDzRKzbjTdz4WWn3PfDljdDM0D_5NpJvtm5wah-1Yn2MM7nP_3rqHzfut_vXxNdsNs:1mYZZS:SEaMPRZP2EkHH-sEKCM5ys7iPalxjr5zArmWzhLsACs", "expire_date": "2021-10-21T20:00:50.323Z"}}, {"model": "sessions.session", "pk": "qa8pg7kqla04s33seroztukwapc94hug", "fields": {"session_data": ".eJylkN9yqjAQxt-F66ODltpjr2rR0lAJA41AcuNgDJBAEEUF0vHdT-grnIudnf3mt3--_TFuLbsYrz-_uU4lM16N9Ch5bfwxmEx5pevqxnNOK5ZlfPFiveWjPKUnqZHrqWR1O_ZfWHZhbaFxNrgmS1bc5-5XNAv41naLg0PHGuwUmEHuLqcjdJhfq0O11PB7BcSJUxlJHSq1QQtkZFEbLDyEFVx7AxSg9747ntZhM7JwnQ8QVdxHpMQI99AJnsm6fMKq7D1VKozyHougI_L3gBmdR0Myr0rdO2TB9MOBqnZ2d7wBpmqFTUx31Z3n-waf-qa7LyTa7-WLE32fc-0ypZS17f9YwzEUJIEK8I6TpOi01kPhmRCtlL_eDHrQ-eiUehBQXhxKT6wsGAfaFjYJ2lkYhUJb7jzno_C1TlAl4PimOlIkcbM0Drgv9PLt8n6c5NflEymg5X6FNz4pQ_PTmjSfx2Jnx3Sx2TZn8je7dcbj8fgH9X2vJA:1mb6Qe:CeYql3GWno_UcEdKUHEb_zJ0QdoegyXhsEfVCT-9TtQ", "expire_date": "2021-10-28T19:30:12.246Z"}}, {"model": "sessions.session", "pk": "tdzq2g0p15dz1ziyxgspj1wykj2avf0f", "fields": {"session_data": ".eJylUMuSmzAQ_BfOWZeMTba8pzjE1oqN5JeMkS4pYAVIIFgDDkZb_veIVP4gh6mp6e7pmp5P59aJ1nn5_NvrWAvnxcFYvAvZNh1YOF8coWNZWVTHfSFunf7HuQAsvuUTN0sbbXV9U4q6m6xakbWiK-yOGAMgorXcyeAtnB_kTz8oEphOMzobNCcyWM0mUeL2VVKtrPh7hVQjUx1qWyb2UYd0uEx99BVTZsiPw4ANG3enQcb18WPScn0sOQwKbjkOz4ZA5hKIRkZzw0w-MLq5M8UMp2w6YJ664Ri5VWl3QXaYeUFfPtdNnixktoS3NaX19bTd_27it19zRLZHfL4ZWOw_nlKbMk5T0XX_E41diOIRMUgOkkfFYLE7URgQmt-xQp41ur7D0hohDyvmMbUtd_Q8MIUAh5sFU0QTygBzEcAuLzi1uLRvqkPDoyCLLwe5U8fVjC-TVtfx5nWdX0U3at_UfX-BOCXPT3lz8lavl9V-yIgPsPN4PP4ApBqx6g:1mbQZJ:qBPuyLeEmcps9bMOfEBiWsXf-JqWql_Rxy2ZLwBg1Tw", "expire_date": "2021-10-29T17:00:29.919Z"}}, {"model": "sessions.session", "pk": "zvf4ueikaglta3m6iviuuqa7gm9gtccf", "fields": {"session_data": ".eJylUF1zojAU_S88r07A1ql9WosuJm6SgSIfeelADBIgWo0tko7_vWFn_0EfMndyzrnn3nO_nA8tLs7z1796LJRwnh2MxV7Iy0mDmfPLEaqQnUVVca3Fh1b_OQ-A2e_DyE35SVnd9dSKox6tLqK6CF3bHjEgILKlpBJtEzeUf31UlwEf_3BnoEskWkxHUeldu7JbWPFLB5uT5CpR9pnChxqq5IH7cI7j3GCTDzTGM-z3sjhG76MWp-vecgNRaxenUUMC_IhT6OIm6nCz7tmK1HmMOhzk4wIu95Ih87rW9oIqnO4m8SejcOO907ehTM98AyIz03G7We_7GzSvwL-CVfpw1gebsuBcaP2TaHlKGpYRA2UvWVb3FruRBhu6Wno05r01Ou-DdjSSWCUtsfHs-orEIWBx0tIAdbk53GjKLG8HeRZ_tWc6JoZlqCrSUNImWkx3AVpWf16eHuUEPk3mDJkSbWGyY6GXoXx7OOcVwfNFyz6Xzv1-_wbVy6_i:1mYB9H:0p-mJ-U7nI8X9qQqO-YGSfsBuyzJibU_M7Kkp_E-YAg", "expire_date": "2021-10-20T17:56:11.826Z"}}, {"model": "token_blacklist.outstandingtoken", "pk": 1, "fields": {"user": 1, "jti": "c01d8a3cce1a49be8dc5cd5fd976a487", "token": "eyJ0eXAiOiJKV1QiLCJhbGciOiJIUzI1NiJ9.eyJ0b2tlbl90eXBlIjoicmVmcmVzaCIsImV4cCI6MTYzMzA0ODc3MywianRpIjoiYzAxZDhhM2NjZTFhNDliZThkYzVjZDVmZDk3NmE0ODciLCJ1c2VyX2lkIjoxfQ.Tqmv35U4YcC9AHpIz-O2_D4UX5qNsV1COl-SqwKl2go", "created_at": "2021-09-30T00:39:33.568Z", "expires_at": "2021-10-01T00:39:33Z"}}, {"model": "token_blacklist.outstandingtoken", "pk": 2, "fields": {"user": 1, "jti": "fd4a40691d4748048d5d96966b5a625c", "token": "eyJ0eXAiOiJKV1QiLCJhbGciOiJIUzI1NiJ9.eyJ0b2tlbl90eXBlIjoicmVmcmVzaCIsImV4cCI6MTYzMzA0ODgzNywianRpIjoiZmQ0YTQwNjkxZDQ3NDgwNDhkNWQ5Njk2NmI1YTYyNWMiLCJ1c2VyX2lkIjoxfQ.qQt9BRRL-pbOcBAZDdOZCjohKG7Vis5_bxusDPxWm8c", "created_at": "2021-09-30T00:40:37.742Z", "expires_at": "2021-10-01T00:40:37Z"}}, {"model": "token_blacklist.outstandingtoken", "pk": 3, "fields": {"user": 1, "jti": "c864ca75cf6a43a59d6f10f4159bc48e", "token": "eyJ0eXAiOiJKV1QiLCJhbGciOiJIUzI1NiJ9.eyJ0b2tlbl90eXBlIjoicmVmcmVzaCIsImV4cCI6MTYzMzA0ODgzNywianRpIjoiYzg2NGNhNzVjZjZhNDNhNTlkNmYxMGY0MTU5YmM0OGUiLCJ1c2VyX2lkIjoxfQ.XuYojs_py3pMeLx3PoMzuaT3Ey5Ma-VAyIVmV0E3Y5M", "created_at": "2021-09-30T00:40:37.947Z", "expires_at": "2021-10-01T00:40:37Z"}}, {"model": "token_blacklist.outstandingtoken", "pk": 4, "fields": {"user": 2, "jti": "ca4ac2de680548beb6c4a709aa6e929c", "token": "eyJ0eXAiOiJKV1QiLCJhbGciOiJIUzI1NiJ9.eyJ0b2tlbl90eXBlIjoicmVmcmVzaCIsImV4cCI6MTYzMzUyNjM1OSwianRpIjoiY2E0YWMyZGU2ODA1NDhiZWI2YzRhNzA5YWE2ZTkyOWMiLCJ1c2VyX2lkIjoyfQ.esJU9g6sjyb6QvBT4vVcqsP1ImHA3zDaiAKRDU96m0k", "created_at": "2021-10-05T13:19:19.738Z", "expires_at": "2021-10-06T13:19:19Z"}}, {"model": "token_blacklist.outstandingtoken", "pk": 5, "fields": {"user": 2, "jti": "7df00b80a83949de8bb072bb86afd72b", "token": "eyJ0eXAiOiJKV1QiLCJhbGciOiJIUzI1NiJ9.eyJ0b2tlbl90eXBlIjoicmVmcmVzaCIsImV4cCI6MTYzMzUyNjQwMSwianRpIjoiN2RmMDBiODBhODM5NDlkZThiYjA3MmJiODZhZmQ3MmIiLCJ1c2VyX2lkIjoyfQ.8NpybZ4UIbnmaGCWhLh3jaHQaf4PxWVJ17aLavMq6lI", "created_at": "2021-10-05T13:20:01.541Z", "expires_at": "2021-10-06T13:20:01Z"}}, {"model": "token_blacklist.outstandingtoken", "pk": 6, "fields": {"user": 2, "jti": "cbd56d38047c4304b63f144d2a1f4fc7", "token": "eyJ0eXAiOiJKV1QiLCJhbGciOiJIUzI1NiJ9.eyJ0b2tlbl90eXBlIjoicmVmcmVzaCIsImV4cCI6MTYzMzUyNjQwMSwianRpIjoiY2JkNTZkMzgwNDdjNDMwNGI2M2YxNDRkMmExZjRmYzciLCJ1c2VyX2lkIjoyfQ.Em-3qiT48juYkLvnbDaSx6KpnGEO06gVtfwE4Vxplhg", "created_at": "2021-10-05T13:20:01.585Z", "expires_at": "2021-10-06T13:20:01Z"}}, {"model": "token_blacklist.outstandingtoken", "pk": 7, "fields": {"user": 2, "jti": "4f21d3847e8e4e8f84f7ef42a519117f", "token": "eyJ0eXAiOiJKV1QiLCJhbGciOiJIUzI1NiJ9.eyJ0b2tlbl90eXBlIjoicmVmcmVzaCIsImV4cCI6MTYzMzUzMDUxMCwianRpIjoiNGYyMWQzODQ3ZThlNGU4Zjg0ZjdlZjQyYTUxOTExN2YiLCJ1c2VyX2lkIjoyfQ.JrRpE1Sjnko9yJoDxjeUSVRGUlAfjX15SiktAL7NXtw", "created_at": "2021-10-05T14:28:30.448Z", "expires_at": "2021-10-06T14:28:30Z"}}, {"model": "token_blacklist.outstandingtoken", "pk": 8, "fields": {"user": 2, "jti": "e7d3a7e2b5f8457681fa8e0873703b8e", "token": "eyJ0eXAiOiJKV1QiLCJhbGciOiJIUzI1NiJ9.eyJ0b2tlbl90eXBlIjoicmVmcmVzaCIsImV4cCI6MTYzMzUzMDUxMCwianRpIjoiZTdkM2E3ZTJiNWY4NDU3NjgxZmE4ZTA4NzM3MDNiOGUiLCJ1c2VyX2lkIjoyfQ.2_HqlLAG2f4EN9wn0rxhuzM47jBKM_1ACiG3vIvE6ec", "created_at": "2021-10-05T14:28:30.496Z", "expires_at": "2021-10-06T14:28:30Z"}}, {"model": "token_blacklist.outstandingtoken", "pk": 9, "fields": {"user": 2, "jti": "5c5db5b47ee64b6daef7c5345d027613", "token": "eyJ0eXAiOiJKV1QiLCJhbGciOiJIUzI1NiJ9.eyJ0b2tlbl90eXBlIjoicmVmcmVzaCIsImV4cCI6MTYzMzUzOTU2MCwianRpIjoiNWM1ZGI1YjQ3ZWU2NGI2ZGFlZjdjNTM0NWQwMjc2MTMiLCJ1c2VyX2lkIjoyfQ.sRDFpIqu3cFuxcCAyMoes53B2Dm4XWcSNaDcApTAYjU", "created_at": "2021-10-05T16:59:20.754Z", "expires_at": "2021-10-06T16:59:20Z"}}, {"model": "token_blacklist.outstandingtoken", "pk": 10, "fields": {"user": 2, "jti": "a512e1be986c4a8b9ba88ecf8eda8a87", "token": "eyJ0eXAiOiJKV1QiLCJhbGciOiJIUzI1NiJ9.eyJ0b2tlbl90eXBlIjoicmVmcmVzaCIsImV4cCI6MTYzMzUzOTU2MCwianRpIjoiYTUxMmUxYmU5ODZjNGE4YjliYTg4ZWNmOGVkYThhODciLCJ1c2VyX2lkIjoyfQ.YLQ4ZRWb2PMYqdmhRjUlMeGv4nO5K44jwxi9x257noU", "created_at": "2021-10-05T16:59:20.796Z", "expires_at": "2021-10-06T16:59:20Z"}}, {"model": "token_blacklist.outstandingtoken", "pk": 11, "fields": {"user": 3, "jti": "78df5f5896a742c2a5d68e7a8a23e276", "token": "eyJ0eXAiOiJKV1QiLCJhbGciOiJIUzI1NiJ9.eyJ0b2tlbl90eXBlIjoicmVmcmVzaCIsImV4cCI6MTYzMzU0NzIyMCwianRpIjoiNzhkZjVmNTg5NmE3NDJjMmE1ZDY4ZTdhOGEyM2UyNzYiLCJ1c2VyX2lkIjozfQ.A0TZ7rJqEe3zxOZVgbVRyATmtdYNJBcyqvbWHnk4bng", "created_at": "2021-10-05T19:07:00.367Z", "expires_at": "2021-10-06T19:07:00Z"}}, {"model": "token_blacklist.outstandingtoken", "pk": 12, "fields": {"user": 3, "jti": "927ba03222e6460caf3ee09a7723e38a", "token": "eyJ0eXAiOiJKV1QiLCJhbGciOiJIUzI1NiJ9.eyJ0b2tlbl90eXBlIjoicmVmcmVzaCIsImV4cCI6MTYzMzU0ODgwMiwianRpIjoiOTI3YmEwMzIyMmU2NDYwY2FmM2VlMDlhNzcyM2UzOGEiLCJ1c2VyX2lkIjozfQ.vKMVr0dlyM7YxjXqiPkCHsGZ40AtPq192m_6qPFK-8I", "created_at": "2021-10-05T19:33:22.505Z", "expires_at": "2021-10-06T19:33:22Z"}}, {"model": "token_blacklist.outstandingtoken", "pk": 13, "fields": {"user": 3, "jti": "077f6182a2ce44cf945575f36158c57a", "token": "eyJ0eXAiOiJKV1QiLCJhbGciOiJIUzI1NiJ9.eyJ0b2tlbl90eXBlIjoicmVmcmVzaCIsImV4cCI6MTYzMzU0ODgwMiwianRpIjoiMDc3ZjYxODJhMmNlNDRjZjk0NTU3NWYzNjE1OGM1N2EiLCJ1c2VyX2lkIjozfQ.WDjNzOzS_oS-8i6OJKOp4lLbG5JcwKXaDCn9fb0d3os", "created_at": "2021-10-05T19:33:22.562Z", "expires_at": "2021-10-06T19:33:22Z"}}, {"model": "token_blacklist.outstandingtoken", "pk": 14, "fields": {"user": 3, "jti": "7882326def77409a8683a758615de88e", "token": "eyJ0eXAiOiJKV1QiLCJhbGciOiJIUzI1NiJ9.eyJ0b2tlbl90eXBlIjoicmVmcmVzaCIsImV4cCI6MTYzMzU1NTMzNCwianRpIjoiNzg4MjMyNmRlZjc3NDA5YTg2ODNhNzU4NjE1ZGU4OGUiLCJ1c2VyX2lkIjozfQ.M7RwAFLQZHUSpt3L1PYfY8lOZad-KQJefwym74ZT8oU", "created_at": "2021-10-05T21:22:14.756Z", "expires_at": "2021-10-06T21:22:14Z"}}, {"model": "token_blacklist.outstandingtoken", "pk": 15, "fields": {"user": 3, "jti": "2a66ceb9f7a641edad4b0c84b2876d14", "token": "eyJ0eXAiOiJKV1QiLCJhbGciOiJIUzI1NiJ9.eyJ0b2tlbl90eXBlIjoicmVmcmVzaCIsImV4cCI6MTYzMzU1NTMzNCwianRpIjoiMmE2NmNlYjlmN2E2NDFlZGFkNGIwYzg0YjI4NzZkMTQiLCJ1c2VyX2lkIjozfQ.tFMyXAjM2gTYhnsvbVlFrfG5j9A8TXKagR-oJbLnuvk", "created_at": "2021-10-05T21:22:14.816Z", "expires_at": "2021-10-06T21:22:14Z"}}, {"model": "token_blacklist.outstandingtoken", "pk": 16, "fields": {"user": 2, "jti": "4e49695b1dde464baebf18d96010a94a", "token": "eyJ0eXAiOiJKV1QiLCJhbGciOiJIUzI1NiJ9.eyJ0b2tlbl90eXBlIjoicmVmcmVzaCIsImV4cCI6MTYzMzU1NzYyNSwianRpIjoiNGU0OTY5NWIxZGRlNDY0YmFlYmYxOGQ5NjAxMGE5NGEiLCJ1c2VyX2lkIjoyfQ.KF96mVG5-xueJDWUMmkncJCejxYapeqhgJNidHUv-t0", "created_at": "2021-10-05T22:00:25.404Z", "expires_at": "2021-10-06T22:00:25Z"}}, {"model": "token_blacklist.outstandingtoken", "pk": 17, "fields": {"user": 2, "jti": "f8b20139d2124b529982ee49b154048a", "token": "eyJ0eXAiOiJKV1QiLCJhbGciOiJIUzI1NiJ9.eyJ0b2tlbl90eXBlIjoicmVmcmVzaCIsImV4cCI6MTYzMzU1NzYyNSwianRpIjoiZjhiMjAxMzlkMjEyNGI1Mjk5ODJlZTQ5YjE1NDA0OGEiLCJ1c2VyX2lkIjoyfQ.yC1R7z_eg5PfTM0INqvDcBqpgqi0G31GKZigWI5gjHI", "created_at": "2021-10-05T22:00:25.451Z", "expires_at": "2021-10-06T22:00:25Z"}}, {"model": "token_blacklist.outstandingtoken", "pk": 18, "fields": {"user": 4, "jti": "6fa3734c5c354a0db60216e9108dd659", "token": "eyJ0eXAiOiJKV1QiLCJhbGciOiJIUzI1NiJ9.eyJ0b2tlbl90eXBlIjoicmVmcmVzaCIsImV4cCI6MTYzMzYxNzgyMywianRpIjoiNmZhMzczNGM1YzM1NGEwZGI2MDIxNmU5MTA4ZGQ2NTkiLCJ1c2VyX2lkIjo0fQ.24D7hmCYKVz00oBGXbIUZTp4ADE1CLssmsC8wzkIfu8", "created_at": "2021-10-06T14:43:43.162Z", "expires_at": "2021-10-07T14:43:43Z"}}, {"model": "token_blacklist.outstandingtoken", "pk": 19, "fields": {"user": 4, "jti": "0fec805110e9481186b8097b4cb0e048", "token": "eyJ0eXAiOiJKV1QiLCJhbGciOiJIUzI1NiJ9.eyJ0b2tlbl90eXBlIjoicmVmcmVzaCIsImV4cCI6MTYzMzYxNzkxNCwianRpIjoiMGZlYzgwNTExMGU5NDgxMTg2YjgwOTdiNGNiMGUwNDgiLCJ1c2VyX2lkIjo0fQ.gWtS7Rs5HRolNemcRqVeadA6Vy4FR9YHGQvaJtQcwHA", "created_at": "2021-10-06T14:45:14.928Z", "expires_at": "2021-10-07T14:45:14Z"}}, {"model": "token_blacklist.outstandingtoken", "pk": 20, "fields": {"user": 4, "jti": "3f43ab2e1eb24e60b86a15d18609d554", "token": "eyJ0eXAiOiJKV1QiLCJhbGciOiJIUzI1NiJ9.eyJ0b2tlbl90eXBlIjoicmVmcmVzaCIsImV4cCI6MTYzMzYxNzkxNCwianRpIjoiM2Y0M2FiMmUxZWIyNGU2MGI4NmExNWQxODYwOWQ1NTQiLCJ1c2VyX2lkIjo0fQ.UBRl0W6uc3pBVhf1MSgf9dPAIgal1HS-glabF7bj9UM", "created_at": "2021-10-06T14:45:14.973Z", "expires_at": "2021-10-07T14:45:14Z"}}, {"model": "token_blacklist.outstandingtoken", "pk": 21, "fields": {"user": 5, "jti": "c0febf5c2d9c472a8db51ede798494d0", "token": "eyJ0eXAiOiJKV1QiLCJhbGciOiJIUzI1NiJ9.eyJ0b2tlbl90eXBlIjoicmVmcmVzaCIsImV4cCI6MTYzMzYxOTg1NCwianRpIjoiYzBmZWJmNWMyZDljNDcyYThkYjUxZWRlNzk4NDk0ZDAiLCJ1c2VyX2lkIjo1fQ.AZMnWsfkr5a1BWxPWhpmxStb7ActL4MvYazG2vVx_js", "created_at": "2021-10-06T15:17:34.453Z", "expires_at": "2021-10-07T15:17:34Z"}}, {"model": "token_blacklist.outstandingtoken", "pk": 22, "fields": {"user": 5, "jti": "f85ce3366e194a319dd79918469d0844", "token": "eyJ0eXAiOiJKV1QiLCJhbGciOiJIUzI1NiJ9.eyJ0b2tlbl90eXBlIjoicmVmcmVzaCIsImV4cCI6MTYzMzYxOTkwNCwianRpIjoiZjg1Y2UzMzY2ZTE5NGEzMTlkZDc5OTE4NDY5ZDA4NDQiLCJ1c2VyX2lkIjo1fQ.qS2xwgRFGJjw_ocT9CkmUg0MKnla_ls_cTtekvCFZmc", "created_at": "2021-10-06T15:18:24.403Z", "expires_at": "2021-10-07T15:18:24Z"}}, {"model": "token_blacklist.outstandingtoken", "pk": 23, "fields": {"user": 5, "jti": "5152eb7dfa1e4241b907984a1d81db86", "token": "eyJ0eXAiOiJKV1QiLCJhbGciOiJIUzI1NiJ9.eyJ0b2tlbl90eXBlIjoicmVmcmVzaCIsImV4cCI6MTYzMzYxOTkwNCwianRpIjoiNTE1MmViN2RmYTFlNDI0MWI5MDc5ODRhMWQ4MWRiODYiLCJ1c2VyX2lkIjo1fQ.oTLNumrQGsag8wMMTZmWYOJXLfvOLb-WGyBekT0PbTo", "created_at": "2021-10-06T15:18:24.508Z", "expires_at": "2021-10-07T15:18:24Z"}}, {"model": "token_blacklist.outstandingtoken", "pk": 24, "fields": {"user": 5, "jti": "0d10932117e64e4c861cff8c15048965", "token": "eyJ0eXAiOiJKV1QiLCJhbGciOiJIUzI1NiJ9.eyJ0b2tlbl90eXBlIjoicmVmcmVzaCIsImV4cCI6MTYzMzYyNjgzMCwianRpIjoiMGQxMDkzMjExN2U2NGU0Yzg2MWNmZjhjMTUwNDg5NjUiLCJ1c2VyX2lkIjo1fQ.O9VhtO6zO7vdb1d7Seo63Qfif9bYddnAtRYuZBdbUmo", "created_at": "2021-10-06T17:13:50.785Z", "expires_at": "2021-10-07T17:13:50Z"}}, {"model": "token_blacklist.outstandingtoken", "pk": 25, "fields": {"user": 5, "jti": "7c372bd642db4ee2a7216ac42058f17e", "token": "eyJ0eXAiOiJKV1QiLCJhbGciOiJIUzI1NiJ9.eyJ0b2tlbl90eXBlIjoicmVmcmVzaCIsImV4cCI6MTYzMzYyNjgzMCwianRpIjoiN2MzNzJiZDY0MmRiNGVlMmE3MjE2YWM0MjA1OGYxN2UiLCJ1c2VyX2lkIjo1fQ.7QwEpBOg7ttUrgdjio2kHY1LIbxDi4jhbbZVGOsE718", "created_at": "2021-10-06T17:13:50.896Z", "expires_at": "2021-10-07T17:13:50Z"}}, {"model": "token_blacklist.outstandingtoken", "pk": 26, "fields": {"user": 4, "jti": "1a01626a51dc4c91b524e210d3aa2e0f", "token": "eyJ0eXAiOiJKV1QiLCJhbGciOiJIUzI1NiJ9.eyJ0b2tlbl90eXBlIjoicmVmcmVzaCIsImV4cCI6MTYzMzYyOTM3MCwianRpIjoiMWEwMTYyNmE1MWRjNGM5MWI1MjRlMjEwZDNhYTJlMGYiLCJ1c2VyX2lkIjo0fQ.U-TvZOIH2pO_ybWqcH0Rz3sTkHEdwxIzS0Ct0DW4qsg", "created_at": "2021-10-06T17:56:10.724Z", "expires_at": "2021-10-07T17:56:10Z"}}, {"model": "token_blacklist.outstandingtoken", "pk": 27, "fields": {"user": 4, "jti": "1847ab824fa9479dbd6e4afaccc163b8", "token": "eyJ0eXAiOiJKV1QiLCJhbGciOiJIUzI1NiJ9.eyJ0b2tlbl90eXBlIjoicmVmcmVzaCIsImV4cCI6MTYzMzYyOTM3MCwianRpIjoiMTg0N2FiODI0ZmE5NDc5ZGJkNmU0YWZhY2NjMTYzYjgiLCJ1c2VyX2lkIjo0fQ.6-YUvF2E-mph8DTYEYoaeriiADgPv1E10QDyzn5KmC0", "created_at": "2021-10-06T17:56:10.876Z", "expires_at": "2021-10-07T17:56:10Z"}}, {"model": "token_blacklist.outstandingtoken", "pk": 28, "fields": {"user": 4, "jti": "2ee63b18bf1d4217955727e1d752b7ca", "token": "eyJ0eXAiOiJKV1QiLCJhbGciOiJIUzI1NiJ9.eyJ0b2tlbl90eXBlIjoicmVmcmVzaCIsImV4cCI6MTYzMzcyMzI0NiwianRpIjoiMmVlNjNiMThiZjFkNDIxNzk1NTcyN2UxZDc1MmI3Y2EiLCJ1c2VyX2lkIjo0fQ.GY6SxzCaLEcN_L4OTMEqu009baBads38VJH0PVNmPJY", "created_at": "2021-10-07T20:00:46.943Z", "expires_at": "2021-10-08T20:00:46Z"}}, {"model": "token_blacklist.outstandingtoken", "pk": 29, "fields": {"user": 4, "jti": "56ff86981d5841609f6b87cc51ff3a26", "token": "eyJ0eXAiOiJKV1QiLCJhbGciOiJIUzI1NiJ9.eyJ0b2tlbl90eXBlIjoicmVmcmVzaCIsImV4cCI6MTYzMzcyMzI0NywianRpIjoiNTZmZjg2OTgxZDU4NDE2MDlmNmI4N2NjNTFmZjNhMjYiLCJ1c2VyX2lkIjo0fQ.aSIr9gCZP5IIRnmm-l1DAxqxDswArTE7qpmahUdYZfs", "created_at": "2021-10-07T20:00:47.752Z", "expires_at": "2021-10-08T20:00:47Z"}}, {"model": "token_blacklist.outstandingtoken", "pk": 30, "fields": {"user": 3, "jti": "2a070e8184c449c9b6b0039e5205d92a", "token": "eyJ0eXAiOiJKV1QiLCJhbGciOiJIUzI1NiJ9.eyJ0b2tlbl90eXBlIjoicmVmcmVzaCIsImV4cCI6MTYzMzc4ODkwNywianRpIjoiMmEwNzBlODE4NGM0NDljOWI2YjAwMzllNTIwNWQ5MmEiLCJ1c2VyX2lkIjozfQ.R6EupanYiKhG8fTkFjqIYivRHlRR5JYSj_WHFEGfToU", "created_at": "2021-10-08T14:15:07.082Z", "expires_at": "2021-10-09T14:15:07Z"}}, {"model": "token_blacklist.outstandingtoken", "pk": 31, "fields": {"user": 3, "jti": "2c99cd5be6b644e2925de1750ec9e15a", "token": "eyJ0eXAiOiJKV1QiLCJhbGciOiJIUzI1NiJ9.eyJ0b2tlbl90eXBlIjoicmVmcmVzaCIsImV4cCI6MTYzMzc4ODkwNywianRpIjoiMmM5OWNkNWJlNmI2NDRlMjkyNWRlMTc1MGVjOWUxNWEiLCJ1c2VyX2lkIjozfQ.6z9amJIXMGnZkaUyrEXWAEsJ0cTM-ACv96-Pe_V7ew4", "created_at": "2021-10-08T14:15:07.162Z", "expires_at": "2021-10-09T14:15:07Z"}}, {"model": "token_blacklist.outstandingtoken", "pk": 32, "fields": {"user": 3, "jti": "06617e21c18144ceb9dd4b3564247610", "token": "eyJ0eXAiOiJKV1QiLCJhbGciOiJIUzI1NiJ9.eyJ0b2tlbl90eXBlIjoicmVmcmVzaCIsImV4cCI6MTYzMzc4OTM4MywianRpIjoiMDY2MTdlMjFjMTgxNDRjZWI5ZGQ0YjM1NjQyNDc2MTAiLCJ1c2VyX2lkIjozfQ.VOR5KOrVzWE7evJHDqTq5Q2uocwRaI2HqBOrqMmI9CU", "created_at": "2021-10-08T14:23:03.108Z", "expires_at": "2021-10-09T14:23:03Z"}}, {"model": "token_blacklist.outstandingtoken", "pk": 33, "fields": {"user": 3, "jti": "fd82d79e86084a0da1072d3bc4da7b07", "token": "eyJ0eXAiOiJKV1QiLCJhbGciOiJIUzI1NiJ9.eyJ0b2tlbl90eXBlIjoicmVmcmVzaCIsImV4cCI6MTYzMzc4OTM4MywianRpIjoiZmQ4MmQ3OWU4NjA4NGEwZGExMDcyZDNiYzRkYTdiMDciLCJ1c2VyX2lkIjozfQ.traFGrjcmAnImVw9_NTsBZWp3RH2Yyl3Cj5k58ZaIg4", "created_at": "2021-10-08T14:23:03.158Z", "expires_at": "2021-10-09T14:23:03Z"}}, {"model": "token_blacklist.outstandingtoken", "pk": 34, "fields": {"user": 3, "jti": "7cc457b16d1649b49b0ed5e67186c5e2", "token": "eyJ0eXAiOiJKV1QiLCJhbGciOiJIUzI1NiJ9.eyJ0b2tlbl90eXBlIjoicmVmcmVzaCIsImV4cCI6MTYzMzc4OTY5MiwianRpIjoiN2NjNDU3YjE2ZDE2NDliNDliMGVkNWU2NzE4NmM1ZTIiLCJ1c2VyX2lkIjozfQ.pNbTAXD1f8hkgXJ4dafUUgvo8BhdruyMzY4DIPkvFKU", "created_at": "2021-10-08T14:28:12.296Z", "expires_at": "2021-10-09T14:28:12Z"}}, {"model": "token_blacklist.outstandingtoken", "pk": 35, "fields": {"user": 3, "jti": "3ebb7963c5714b7e858227128bba71de", "token": "eyJ0eXAiOiJKV1QiLCJhbGciOiJIUzI1NiJ9.eyJ0b2tlbl90eXBlIjoicmVmcmVzaCIsImV4cCI6MTYzMzc4OTY5MiwianRpIjoiM2ViYjc5NjNjNTcxNGI3ZTg1ODIyNzEyOGJiYTcxZGUiLCJ1c2VyX2lkIjozfQ.l27qKk_QNIskDMPqELts6FqUKSgqHZE-umNO4fqGzZQ", "created_at": "2021-10-08T14:28:12.346Z", "expires_at": "2021-10-09T14:28:12Z"}}, {"model": "token_blacklist.outstandingtoken", "pk": 36, "fields": {"user": 3, "jti": "893d71c1ee7c41718f2752b9bce109ee", "token": "eyJ0eXAiOiJKV1QiLCJhbGciOiJIUzI1NiJ9.eyJ0b2tlbl90eXBlIjoicmVmcmVzaCIsImV4cCI6MTYzMzc5MDI4NCwianRpIjoiODkzZDcxYzFlZTdjNDE3MThmMjc1MmI5YmNlMTA5ZWUiLCJ1c2VyX2lkIjozfQ.VPt7mqixophHTj5rCiNGZ8ziG354C0_BX8-W7lnoaA0", "created_at": "2021-10-08T14:38:04.071Z", "expires_at": "2021-10-09T14:38:04Z"}}, {"model": "token_blacklist.outstandingtoken", "pk": 37, "fields": {"user": 3, "jti": "07edfd9c0aff4f4b991d6bd103b108c3", "token": "eyJ0eXAiOiJKV1QiLCJhbGciOiJIUzI1NiJ9.eyJ0b2tlbl90eXBlIjoicmVmcmVzaCIsImV4cCI6MTYzMzc5MDI4NCwianRpIjoiMDdlZGZkOWMwYWZmNGY0Yjk5MWQ2YmQxMDNiMTA4YzMiLCJ1c2VyX2lkIjozfQ.Q9Z68IL3sSZFRbimEjWOqWgxu6UKmJa7Vtg795J0TiA", "created_at": "2021-10-08T14:38:04.117Z", "expires_at": "2021-10-09T14:38:04Z"}}, {"model": "token_blacklist.outstandingtoken", "pk": 38, "fields": {"user": 4, "jti": "4cee7c5be9914a01bb023697223f99e4", "token": "eyJ0eXAiOiJKV1QiLCJhbGciOiJIUzI1NiJ9.eyJ0b2tlbl90eXBlIjoicmVmcmVzaCIsImV4cCI6MTYzMzc5OTA5MSwianRpIjoiNGNlZTdjNWJlOTkxNGEwMWJiMDIzNjk3MjIzZjk5ZTQiLCJ1c2VyX2lkIjo0fQ.yUhePfKp8W2PhpMLpqDwVcrmSiIj-DQlUbM7lFnGIF8", "created_at": "2021-10-08T17:04:51.369Z", "expires_at": "2021-10-09T17:04:51Z"}}, {"model": "token_blacklist.outstandingtoken", "pk": 39, "fields": {"user": 4, "jti": "33d5ceb0ef1042d8a02648fbbaa0b0ba", "token": "eyJ0eXAiOiJKV1QiLCJhbGciOiJIUzI1NiJ9.eyJ0b2tlbl90eXBlIjoicmVmcmVzaCIsImV4cCI6MTYzMzc5OTA5MSwianRpIjoiMzNkNWNlYjBlZjEwNDJkOGEwMjY0OGZiYmFhMGIwYmEiLCJ1c2VyX2lkIjo0fQ.Pf5gaEzUBJaY88g-raos1YuT9SAKgzzjCiz4YU1vI2A", "created_at": "2021-10-08T17:04:51.422Z", "expires_at": "2021-10-09T17:04:51Z"}}, {"model": "token_blacklist.outstandingtoken", "pk": 40, "fields": {"user": 4, "jti": "458722cc9edb4574afb36657290ec8c6", "token": "eyJ0eXAiOiJKV1QiLCJhbGciOiJIUzI1NiJ9.eyJ0b2tlbl90eXBlIjoicmVmcmVzaCIsImV4cCI6MTYzMzgwNDUzMCwianRpIjoiNDU4NzIyY2M5ZWRiNDU3NGFmYjM2NjU3MjkwZWM4YzYiLCJ1c2VyX2lkIjo0fQ.lA-j2SzoEhDLSdDn8OTtNsfOAKfQNzmgbclXYOWl-VU", "created_at": "2021-10-08T18:35:30.166Z", "expires_at": "2021-10-09T18:35:30Z"}}, {"model": "token_blacklist.outstandingtoken", "pk": 41, "fields": {"user": 4, "jti": "bc0842e461624ab29bf166891be69834", "token": "eyJ0eXAiOiJKV1QiLCJhbGciOiJIUzI1NiJ9.eyJ0b2tlbl90eXBlIjoicmVmcmVzaCIsImV4cCI6MTYzMzgwNDUzMCwianRpIjoiYmMwODQyZTQ2MTYyNGFiMjliZjE2Njg5MWJlNjk4MzQiLCJ1c2VyX2lkIjo0fQ.zZ6ghbKwVChlr9DdfBDcvA2dgUQmVX0s8AH9fmGR8rs", "created_at": "2021-10-08T18:35:30.224Z", "expires_at": "2021-10-09T18:35:30Z"}}, {"model": "token_blacklist.outstandingtoken", "pk": 42, "fields": {"user": 4, "jti": "a2a3e1fe527548e982748785da6b6245", "token": "eyJ0eXAiOiJKV1QiLCJhbGciOiJIUzI1NiJ9.eyJ0b2tlbl90eXBlIjoicmVmcmVzaCIsImV4cCI6MTYzMzgzMjUzMSwianRpIjoiYTJhM2UxZmU1Mjc1NDhlOTgyNzQ4Nzg1ZGE2YjYyNDUiLCJ1c2VyX2lkIjo0fQ.in-E-C1UJOk0iulKUg9Sgk4NwtPDdtSeVTXWFMuLBMI", "created_at": "2021-10-09T02:22:11.678Z", "expires_at": "2021-10-10T02:22:11Z"}}, {"model": "token_blacklist.outstandingtoken", "pk": 43, "fields": {"user": 4, "jti": "373e6c7bb1384c82a7da3e774f440830", "token": "eyJ0eXAiOiJKV1QiLCJhbGciOiJIUzI1NiJ9.eyJ0b2tlbl90eXBlIjoicmVmcmVzaCIsImV4cCI6MTYzMzgzMjUzMSwianRpIjoiMzczZTZjN2JiMTM4NGM4MmE3ZGEzZTc3NGY0NDA4MzAiLCJ1c2VyX2lkIjo0fQ.WPmWbdBkxN-n1W2IkQRvepp1Cw0AxMEFfl4u4N5xc_8", "created_at": "2021-10-09T02:22:11.743Z", "expires_at": "2021-10-10T02:22:11Z"}}, {"model": "token_blacklist.outstandingtoken", "pk": 44, "fields": {"user": 4, "jti": "2e7f5371eae64452a75c4a0842510449", "token": "eyJ0eXAiOiJKV1QiLCJhbGciOiJIUzI1NiJ9.eyJ0b2tlbl90eXBlIjoicmVmcmVzaCIsImV4cCI6MTYzMzgzNDIxMSwianRpIjoiMmU3ZjUzNzFlYWU2NDQ1MmE3NWM0YTA4NDI1MTA0NDkiLCJ1c2VyX2lkIjo0fQ.ArGGyoNf946YlUkReTSTKFqvWqe0pNA5ijtXB0acTGc", "created_at": "2021-10-09T02:50:11.014Z", "expires_at": "2021-10-10T02:50:11Z"}}, {"model": "token_blacklist.outstandingtoken", "pk": 45, "fields": {"user": 4, "jti": "990fdd410a824de6ac7d00b422055799", "token": "eyJ0eXAiOiJKV1QiLCJhbGciOiJIUzI1NiJ9.eyJ0b2tlbl90eXBlIjoicmVmcmVzaCIsImV4cCI6MTYzMzgzNDIxMSwianRpIjoiOTkwZmRkNDEwYTgyNGRlNmFjN2QwMGI0MjIwNTU3OTkiLCJ1c2VyX2lkIjo0fQ.yym28-grJmYp7xpSf9tqYJDZKRJzyC_IW6Oq3ATM84g", "created_at": "2021-10-09T02:50:11.352Z", "expires_at": "2021-10-10T02:50:11Z"}}, {"model": "token_blacklist.outstandingtoken", "pk": 46, "fields": {"user": 4, "jti": "ac612a30637c4c33ae0fb4c09750ab76", "token": "eyJ0eXAiOiJKV1QiLCJhbGciOiJIUzI1NiJ9.eyJ0b2tlbl90eXBlIjoicmVmcmVzaCIsImV4cCI6MTYzMzk3NjcyMSwianRpIjoiYWM2MTJhMzA2MzdjNGMzM2FlMGZiNGMwOTc1MGFiNzYiLCJ1c2VyX2lkIjo0fQ.bh7TtU4383bFYVgnDAMH1_tfvZad82QvsQGnGCDawRk", "created_at": "2021-10-10T18:25:21.102Z", "expires_at": "2021-10-11T18:25:21Z"}}, {"model": "token_blacklist.outstandingtoken", "pk": 47, "fields": {"user": 4, "jti": "9c9f8025a9dc4ba5958c2f3e15432135", "token": "eyJ0eXAiOiJKV1QiLCJhbGciOiJIUzI1NiJ9.eyJ0b2tlbl90eXBlIjoicmVmcmVzaCIsImV4cCI6MTYzMzk3NjcyMSwianRpIjoiOWM5ZjgwMjVhOWRjNGJhNTk1OGMyZjNlMTU0MzIxMzUiLCJ1c2VyX2lkIjo0fQ.XWpHVc3bV8gI60TAJ97jk4rPOFrKd2qXyK9cpadyP6A", "created_at": "2021-10-10T18:25:21.223Z", "expires_at": "2021-10-11T18:25:21Z"}}, {"model": "token_blacklist.outstandingtoken", "pk": 48, "fields": {"user": 4, "jti": "5e2ea045eb304ce3ab3077aeef83171e", "token": "eyJ0eXAiOiJKV1QiLCJhbGciOiJIUzI1NiJ9.eyJ0b2tlbl90eXBlIjoicmVmcmVzaCIsImV4cCI6MTYzMzk4MTk1MiwianRpIjoiNWUyZWEwNDVlYjMwNGNlM2FiMzA3N2FlZWY4MzE3MWUiLCJ1c2VyX2lkIjo0fQ.l0c9ejWHkx4luL0BLFyNwuU9kIrcvHQXB2vGkOgO3NY", "created_at": "2021-10-10T19:52:32.481Z", "expires_at": "2021-10-11T19:52:32Z"}}, {"model": "token_blacklist.outstandingtoken", "pk": 49, "fields": {"user": 4, "jti": "dd33dc1264164751b99f248e5cec68b1", "token": "eyJ0eXAiOiJKV1QiLCJhbGciOiJIUzI1NiJ9.eyJ0b2tlbl90eXBlIjoicmVmcmVzaCIsImV4cCI6MTYzMzk4MTk1MiwianRpIjoiZGQzM2RjMTI2NDE2NDc1MWI5OWYyNDhlNWNlYzY4YjEiLCJ1c2VyX2lkIjo0fQ.ejCP6vJFPvyXFFxX3HnyIjmkgEoEOdcHY3XcbzBoyPM", "created_at": "2021-10-10T19:52:32.538Z", "expires_at": "2021-10-11T19:52:32Z"}}, {"model": "token_blacklist.outstandingtoken", "pk": 50, "fields": {"user": 4, "jti": "725c1615a57b4edcb59e97b076012402", "token": "eyJ0eXAiOiJKV1QiLCJhbGciOiJIUzI1NiJ9.eyJ0b2tlbl90eXBlIjoicmVmcmVzaCIsImV4cCI6MTYzMzk5NjA5MywianRpIjoiNzI1YzE2MTVhNTdiNGVkY2I1OWU5N2IwNzYwMTI0MDIiLCJ1c2VyX2lkIjo0fQ.FnXGsjABqBKRlqi2bazoJ-U69IxpzcTTvPYTkIayWSk", "created_at": "2021-10-10T23:48:13.772Z", "expires_at": "2021-10-11T23:48:13Z"}}, {"model": "token_blacklist.outstandingtoken", "pk": 51, "fields": {"user": 4, "jti": "3e32e468cc474d99ad172045aa9e6089", "token": "eyJ0eXAiOiJKV1QiLCJhbGciOiJIUzI1NiJ9.eyJ0b2tlbl90eXBlIjoicmVmcmVzaCIsImV4cCI6MTYzMzk5NjA5MywianRpIjoiM2UzMmU0NjhjYzQ3NGQ5OWFkMTcyMDQ1YWE5ZTYwODkiLCJ1c2VyX2lkIjo0fQ.brF9gKvO3aFJ7Xoc1u9tFpR0Afg7aaimf5rldGnQAM4", "created_at": "2021-10-10T23:48:13.839Z", "expires_at": "2021-10-11T23:48:13Z"}}, {"model": "token_blacklist.outstandingtoken", "pk": 52, "fields": {"user": 4, "jti": "d3b213ef0ac746e7a33954e5ae66861b", "token": "eyJ0eXAiOiJKV1QiLCJhbGciOiJIUzI1NiJ9.eyJ0b2tlbl90eXBlIjoicmVmcmVzaCIsImV4cCI6MTYzMzk5ODI2NiwianRpIjoiZDNiMjEzZWYwYWM3NDZlN2EzMzk1NGU1YWU2Njg2MWIiLCJ1c2VyX2lkIjo0fQ.XK0yV8F4zsM-VD3FaHA7NLVJE8raf6eiaKc_ihiH4Ac", "created_at": "2021-10-11T00:24:26.046Z", "expires_at": "2021-10-12T00:24:26Z"}}, {"model": "token_blacklist.outstandingtoken", "pk": 53, "fields": {"user": 4, "jti": "1985d5efc478446a9df506aa4556ae1e", "token": "eyJ0eXAiOiJKV1QiLCJhbGciOiJIUzI1NiJ9.eyJ0b2tlbl90eXBlIjoicmVmcmVzaCIsImV4cCI6MTYzMzk5ODI2NiwianRpIjoiMTk4NWQ1ZWZjNDc4NDQ2YTlkZjUwNmFhNDU1NmFlMWUiLCJ1c2VyX2lkIjo0fQ.ieXi99qUixmB2pm480dC6P2x7HLGurIssWf9IPV8LEs", "created_at": "2021-10-11T00:24:26.107Z", "expires_at": "2021-10-12T00:24:26Z"}}, {"model": "token_blacklist.outstandingtoken", "pk": 54, "fields": {"user": 4, "jti": "4fdeb6bdc76e4b708b043023e14e7a99", "token": "eyJ0eXAiOiJKV1QiLCJhbGciOiJIUzI1NiJ9.eyJ0b2tlbl90eXBlIjoicmVmcmVzaCIsImV4cCI6MTYzMzk5ODgxNywianRpIjoiNGZkZWI2YmRjNzZlNGI3MDhiMDQzMDIzZTE0ZTdhOTkiLCJ1c2VyX2lkIjo0fQ.3olP7eC5dwIwiaTsIlIolHQT0aGjJU_9fftqQmcuUbg", "created_at": "2021-10-11T00:33:37.080Z", "expires_at": "2021-10-12T00:33:37Z"}}, {"model": "token_blacklist.outstandingtoken", "pk": 55, "fields": {"user": 4, "jti": "70d6c789493345fc9742f2a4a0f5638f", "token": "eyJ0eXAiOiJKV1QiLCJhbGciOiJIUzI1NiJ9.eyJ0b2tlbl90eXBlIjoicmVmcmVzaCIsImV4cCI6MTYzMzk5ODgxNywianRpIjoiNzBkNmM3ODk0OTMzNDVmYzk3NDJmMmE0YTBmNTYzOGYiLCJ1c2VyX2lkIjo0fQ.USscozpniGWvi57JFhniIfh9WtmpsuItUadJc8k5y9U", "created_at": "2021-10-11T00:33:37.163Z", "expires_at": "2021-10-12T00:33:37Z"}}, {"model": "token_blacklist.outstandingtoken", "pk": 56, "fields": {"user": 6, "jti": "1d177d2ea0634fe2a20465d9dbaed5f1", "token": "eyJ0eXAiOiJKV1QiLCJhbGciOiJIUzI1NiJ9.eyJ0b2tlbl90eXBlIjoicmVmcmVzaCIsImV4cCI6MTYzMzk5OTgyNywianRpIjoiMWQxNzdkMmVhMDYzNGZlMmEyMDQ2NWQ5ZGJhZWQ1ZjEiLCJ1c2VyX2lkIjo2fQ.XxUQuqTAT5U26Peqv8qv71NvM4rgkES2REppC1ZN8C4", "created_at": "2021-10-11T00:50:27.761Z", "expires_at": "2021-10-12T00:50:27Z"}}, {"model": "token_blacklist.outstandingtoken", "pk": 57, "fields": {"user": 4, "jti": "baa1a7d6b3b049df8e71974f6b97bc1c", "token": "eyJ0eXAiOiJKV1QiLCJhbGciOiJIUzI1NiJ9.eyJ0b2tlbl90eXBlIjoicmVmcmVzaCIsImV4cCI6MTYzNDAwMDYwNiwianRpIjoiYmFhMWE3ZDZiM2IwNDlkZjhlNzE5NzRmNmI5N2JjMWMiLCJ1c2VyX2lkIjo0fQ.zlrkSRyhgjBsy-zdU2k1EonxLuqNR6sSRw2reYdwJrY", "created_at": "2021-10-11T01:03:26.959Z", "expires_at": "2021-10-12T01:03:26Z"}}, {"model": "token_blacklist.outstandingtoken", "pk": 58, "fields": {"user": 4, "jti": "55bc15d2d34f4cdf88c5446328c83d54", "token": "eyJ0eXAiOiJKV1QiLCJhbGciOiJIUzI1NiJ9.eyJ0b2tlbl90eXBlIjoicmVmcmVzaCIsImV4cCI6MTYzNDAwMDYwNywianRpIjoiNTViYzE1ZDJkMzRmNGNkZjg4YzU0NDYzMjhjODNkNTQiLCJ1c2VyX2lkIjo0fQ.SsxU086OSaBAVZFui7dTQnhgWsj-2TZLuVPCiWi4iEw", "created_at": "2021-10-11T01:03:27.016Z", "expires_at": "2021-10-12T01:03:27Z"}}, {"model": "token_blacklist.outstandingtoken", "pk": 59, "fields": {"user": 4, "jti": "655df71ac4424738a702eff9e8b1bbf4", "token": "eyJ0eXAiOiJKV1QiLCJhbGciOiJIUzI1NiJ9.eyJ0b2tlbl90eXBlIjoicmVmcmVzaCIsImV4cCI6MTYzNDAwMDYxNywianRpIjoiNjU1ZGY3MWFjNDQyNDczOGE3MDJlZmY5ZThiMWJiZjQiLCJ1c2VyX2lkIjo0fQ.-CopL5ogvz6qNhCuF1-L-KGC3q8cP9GjXO0HI8cs4-k", "created_at": "2021-10-11T01:03:37.932Z", "expires_at": "2021-10-12T01:03:37Z"}}, {"model": "token_blacklist.outstandingtoken", "pk": 60, "fields": {"user": 4, "jti": "f9a775cb1f1c4a2896fb9d72af0ed206", "token": "eyJ0eXAiOiJKV1QiLCJhbGciOiJIUzI1NiJ9.eyJ0b2tlbl90eXBlIjoicmVmcmVzaCIsImV4cCI6MTYzNDAwMDYxNywianRpIjoiZjlhNzc1Y2IxZjFjNGEyODk2ZmI5ZDcyYWYwZWQyMDYiLCJ1c2VyX2lkIjo0fQ.orw9tX6BnCDHaqFRk-wOJwgAItJugepleGmQWjKYu_M", "created_at": "2021-10-11T01:03:37.996Z", "expires_at": "2021-10-12T01:03:37Z"}}, {"model": "token_blacklist.outstandingtoken", "pk": 61, "fields": {"user": 4, "jti": "4d6cc7ecc78e4cc3b57d3198c54a0880", "token": "eyJ0eXAiOiJKV1QiLCJhbGciOiJIUzI1NiJ9.eyJ0b2tlbl90eXBlIjoicmVmcmVzaCIsImV4cCI6MTYzNDA1NjE3OSwianRpIjoiNGQ2Y2M3ZWNjNzhlNGNjM2I1N2QzMTk4YzU0YTA4ODAiLCJ1c2VyX2lkIjo0fQ.RcYf-p4iaB439HmWnI9QzQ_zrKLHFYNF1YfpQf45aCg", "created_at": "2021-10-11T16:29:39.253Z", "expires_at": "2021-10-12T16:29:39Z"}}, {"model": "token_blacklist.outstandingtoken", "pk": 62, "fields": {"user": 4, "jti": "2e06ee1772bf4dc2ab929154e122ec71", "token": "eyJ0eXAiOiJKV1QiLCJhbGciOiJIUzI1NiJ9.eyJ0b2tlbl90eXBlIjoicmVmcmVzaCIsImV4cCI6MTYzNDA1NjE3OSwianRpIjoiMmUwNmVlMTc3MmJmNGRjMmFiOTI5MTU0ZTEyMmVjNzEiLCJ1c2VyX2lkIjo0fQ.QYiNFY6AqDAkfPrKsDh1VKSQG2leySQt_XgPmfVCUdY", "created_at": "2021-10-11T16:29:39.353Z", "expires_at": "2021-10-12T16:29:39Z"}}, {"model": "token_blacklist.outstandingtoken", "pk": 63, "fields": {"user": 5, "jti": "76012e8b10a04a84acdf7b25663f122e", "token": "eyJ0eXAiOiJKV1QiLCJhbGciOiJIUzI1NiJ9.eyJ0b2tlbl90eXBlIjoicmVmcmVzaCIsImV4cCI6MTYzNDA2OTY2MSwianRpIjoiNzYwMTJlOGIxMGEwNGE4NGFjZGY3YjI1NjYzZjEyMmUiLCJ1c2VyX2lkIjo1fQ.36bSqKba9xOoW5pEgvYr5ko5H8ddaXOFBL8qAfGgrg0", "created_at": "2021-10-11T20:14:21.034Z", "expires_at": "2021-10-12T20:14:21Z"}}, {"model": "token_blacklist.outstandingtoken", "pk": 64, "fields": {"user": 5, "jti": "389c36780949435da4e59b16ab3cf73a", "token": "eyJ0eXAiOiJKV1QiLCJhbGciOiJIUzI1NiJ9.eyJ0b2tlbl90eXBlIjoicmVmcmVzaCIsImV4cCI6MTYzNDA2OTY2MSwianRpIjoiMzg5YzM2NzgwOTQ5NDM1ZGE0ZTU5YjE2YWIzY2Y3M2EiLCJ1c2VyX2lkIjo1fQ.0x47dqG7J0cQp_ac4cWSESNu6p_aRPxTF1gUeE_3DzY", "created_at": "2021-10-11T20:14:21.130Z", "expires_at": "2021-10-12T20:14:21Z"}}, {"model": "token_blacklist.outstandingtoken", "pk": 65, "fields": {"user": 5, "jti": "05dbf2ab1da143faa9d4cc27a0ab0169", "token": "eyJ0eXAiOiJKV1QiLCJhbGciOiJIUzI1NiJ9.eyJ0b2tlbl90eXBlIjoicmVmcmVzaCIsImV4cCI6MTYzNDA2OTY5MSwianRpIjoiMDVkYmYyYWIxZGExNDNmYWE5ZDRjYzI3YTBhYjAxNjkiLCJ1c2VyX2lkIjo1fQ.4dYcDD4KIDEODeDWoyD7aGx1Ush6bwkFJl4cWLJRiHU", "created_at": "2021-10-11T20:14:51.077Z", "expires_at": "2021-10-12T20:14:51Z"}}, {"model": "token_blacklist.outstandingtoken", "pk": 66, "fields": {"user": 5, "jti": "c1883b4e87224ac4a0c0a9f7c6a3d46e", "token": "eyJ0eXAiOiJKV1QiLCJhbGciOiJIUzI1NiJ9.eyJ0b2tlbl90eXBlIjoicmVmcmVzaCIsImV4cCI6MTYzNDA2OTY5MSwianRpIjoiYzE4ODNiNGU4NzIyNGFjNGEwYzBhOWY3YzZhM2Q0NmUiLCJ1c2VyX2lkIjo1fQ.3NG-Fih_gbvPYkZxV7d2dM09Mt7uGvaTU5eGW4YjwMo", "created_at": "2021-10-11T20:14:51.161Z", "expires_at": "2021-10-12T20:14:51Z"}}, {"model": "token_blacklist.outstandingtoken", "pk": 67, "fields": {"user": 4, "jti": "8b802e0cf7494109a4a7bbd4ecc40084", "token": "eyJ0eXAiOiJKV1QiLCJhbGciOiJIUzI1NiJ9.eyJ0b2tlbl90eXBlIjoicmVmcmVzaCIsImV4cCI6MTYzNDA4NDU0NSwianRpIjoiOGI4MDJlMGNmNzQ5NDEwOWE0YTdiYmQ0ZWNjNDAwODQiLCJ1c2VyX2lkIjo0fQ.m6QTXvPlgv0yaQ4R-QOHokcwhuH2o4QW7NOJxxltZGI", "created_at": "2021-10-12T00:22:25.496Z", "expires_at": "2021-10-13T00:22:25Z"}}, {"model": "token_blacklist.outstandingtoken", "pk": 68, "fields": {"user": 4, "jti": "f28b439a2cda4359bc8de35bd3a2c28d", "token": "eyJ0eXAiOiJKV1QiLCJhbGciOiJIUzI1NiJ9.eyJ0b2tlbl90eXBlIjoicmVmcmVzaCIsImV4cCI6MTYzNDA4NDU0NSwianRpIjoiZjI4YjQzOWEyY2RhNDM1OWJjOGRlMzViZDNhMmMyOGQiLCJ1c2VyX2lkIjo0fQ.c_OpPhasJPvz27E3abXzguXmNSBun_-Nn-Bcs2wiupA", "created_at": "2021-10-12T00:22:25.575Z", "expires_at": "2021-10-13T00:22:25Z"}}, {"model": "token_blacklist.outstandingtoken", "pk": 69, "fields": {"user": 4, "jti": "d5137c2462904719b33bb675cf3f9bde", "token": "eyJ0eXAiOiJKV1QiLCJhbGciOiJIUzI1NiJ9.eyJ0b2tlbl90eXBlIjoicmVmcmVzaCIsImV4cCI6MTYzNDIxNDE3MiwianRpIjoiZDUxMzdjMjQ2MjkwNDcxOWIzM2JiNjc1Y2YzZjliZGUiLCJ1c2VyX2lkIjo0fQ.W1V6JCRush13xJ3wTvabkrzXiXisx1zNBPU4wuzdxeE", "created_at": "2021-10-13T12:22:52.913Z", "expires_at": "2021-10-14T12:22:52Z"}}, {"model": "token_blacklist.outstandingtoken", "pk": 70, "fields": {"user": 4, "jti": "81d2dfa1e1504ff98f2b26bc7cbf9efd", "token": "eyJ0eXAiOiJKV1QiLCJhbGciOiJIUzI1NiJ9.eyJ0b2tlbl90eXBlIjoicmVmcmVzaCIsImV4cCI6MTYzNDIxNDE3MiwianRpIjoiODFkMmRmYTFlMTUwNGZmOThmMmIyNmJjN2NiZjllZmQiLCJ1c2VyX2lkIjo0fQ.UsZ6ub3A1Ot-hgbjNODkb6EpUwzzawsMkFSfjps7Od8", "created_at": "2021-10-13T12:22:52.997Z", "expires_at": "2021-10-14T12:22:52Z"}}, {"model": "token_blacklist.outstandingtoken", "pk": 71, "fields": {"user": 4, "jti": "68424eb47bbc4932b7769974bb03c97b", "token": "eyJ0eXAiOiJKV1QiLCJhbGciOiJIUzI1NiJ9.eyJ0b2tlbl90eXBlIjoicmVmcmVzaCIsImV4cCI6MTYzNDIxNDkzNSwianRpIjoiNjg0MjRlYjQ3YmJjNDkzMmI3NzY5OTc0YmIwM2M5N2IiLCJ1c2VyX2lkIjo0fQ.zzwBbwWtRzSajalBdTpdUaKu2UPXdPdkrmPY-ZfscdU", "created_at": "2021-10-13T12:35:35.282Z", "expires_at": "2021-10-14T12:35:35Z"}}, {"model": "token_blacklist.outstandingtoken", "pk": 72, "fields": {"user": 4, "jti": "95f1bd49d9b845598e83e0361a9835ad", "token": "eyJ0eXAiOiJKV1QiLCJhbGciOiJIUzI1NiJ9.eyJ0b2tlbl90eXBlIjoicmVmcmVzaCIsImV4cCI6MTYzNDIxNDkzNSwianRpIjoiOTVmMWJkNDlkOWI4NDU1OThlODNlMDM2MWE5ODM1YWQiLCJ1c2VyX2lkIjo0fQ.hKNqdp7QnPWTJBCQEPRHjbFYYXJBYRIKt7qhpe6KnGc", "created_at": "2021-10-13T12:35:35.342Z", "expires_at": "2021-10-14T12:35:35Z"}}, {"model": "token_blacklist.outstandingtoken", "pk": 73, "fields": {"user": 2, "jti": "03a8d19c34fa4447bdf883fb856a4347", "token": "eyJ0eXAiOiJKV1QiLCJhbGciOiJIUzI1NiJ9.eyJ0b2tlbl90eXBlIjoicmVmcmVzaCIsImV4cCI6MTYzNDIxOTE0NiwianRpIjoiMDNhOGQxOWMzNGZhNDQ0N2JkZjg4M2ZiODU2YTQzNDciLCJ1c2VyX2lkIjoyfQ.ddVo8QnSF9atsdn-jlgnbh1xeGDsWUIW8Fsy39plYBk", "created_at": "2021-10-13T13:45:46.436Z", "expires_at": "2021-10-14T13:45:46Z"}}, {"model": "token_blacklist.outstandingtoken", "pk": 74, "fields": {"user": 2, "jti": "7820759bfcce4dadb72ce6cb3aca3fa5", "token": "eyJ0eXAiOiJKV1QiLCJhbGciOiJIUzI1NiJ9.eyJ0b2tlbl90eXBlIjoicmVmcmVzaCIsImV4cCI6MTYzNDIxOTE0NiwianRpIjoiNzgyMDc1OWJmY2NlNGRhZGI3MmNlNmNiM2FjYTNmYTUiLCJ1c2VyX2lkIjoyfQ.54dRff5pmBQH__JXMlWnKjCqQbNNsz-SMbhKr2tnKjw", "created_at": "2021-10-13T13:45:46.521Z", "expires_at": "2021-10-14T13:45:46Z"}}, {"model": "token_blacklist.outstandingtoken", "pk": 75, "fields": {"user": 4, "jti": "7844ed0874df420baf4d1e8a3c888a24", "token": "eyJ0eXAiOiJKV1QiLCJhbGciOiJIUzI1NiJ9.eyJ0b2tlbl90eXBlIjoicmVmcmVzaCIsImV4cCI6MTYzNDIzMzMwNiwianRpIjoiNzg0NGVkMDg3NGRmNDIwYmFmNGQxZThhM2M4ODhhMjQiLCJ1c2VyX2lkIjo0fQ.50l0MEr6h7YY35xxXm7lrrhtIUISLRbFImHcuuduToA", "created_at": "2021-10-13T17:41:46.791Z", "expires_at": "2021-10-14T17:41:46Z"}}, {"model": "token_blacklist.outstandingtoken", "pk": 76, "fields": {"user": 4, "jti": "5e98abce74dd46d89e9be9a4deb70bda", "token": "eyJ0eXAiOiJKV1QiLCJhbGciOiJIUzI1NiJ9.eyJ0b2tlbl90eXBlIjoicmVmcmVzaCIsImV4cCI6MTYzNDIzMzMwNiwianRpIjoiNWU5OGFiY2U3NGRkNDZkODllOWJlOWE0ZGViNzBiZGEiLCJ1c2VyX2lkIjo0fQ.jNgwMmKhbqNISDJKobY0b0UX37kr2bFQL0KBqPy_VU4", "created_at": "2021-10-13T17:41:46.850Z", "expires_at": "2021-10-14T17:41:46Z"}}, {"model": "token_blacklist.outstandingtoken", "pk": 77, "fields": {"user": 5, "jti": "8056131d762d4d80bacb139c20f054cd", "token": "eyJ0eXAiOiJKV1QiLCJhbGciOiJIUzI1NiJ9.eyJ0b2tlbl90eXBlIjoicmVmcmVzaCIsImV4cCI6MTYzNDI1MDg4NywianRpIjoiODA1NjEzMWQ3NjJkNGQ4MGJhY2IxMzljMjBmMDU0Y2QiLCJ1c2VyX2lkIjo1fQ.wktHutEgBkLu9OESPkEgOonuqxC1ao--mhYEkAB-z8g", "created_at": "2021-10-13T22:34:47.059Z", "expires_at": "2021-10-14T22:34:47Z"}}, {"model": "token_blacklist.outstandingtoken", "pk": 78, "fields": {"user": 5, "jti": "158cbcdeeb53451392ab7c24bd433e90", "token": "eyJ0eXAiOiJKV1QiLCJhbGciOiJIUzI1NiJ9.eyJ0b2tlbl90eXBlIjoicmVmcmVzaCIsImV4cCI6MTYzNDI1MDg4NywianRpIjoiMTU4Y2JjZGVlYjUzNDUxMzkyYWI3YzI0YmQ0MzNlOTAiLCJ1c2VyX2lkIjo1fQ.XhN_3PIw5fW9qKZQlIOhOZ-_f5ASIN2WOgX8vHmyuFg", "created_at": "2021-10-13T22:34:47.174Z", "expires_at": "2021-10-14T22:34:47Z"}}, {"model": "token_blacklist.outstandingtoken", "pk": 79, "fields": {"user": 2, "jti": "e627c1f6e3b74b8a97b9aded9d021a1a", "token": "eyJ0eXAiOiJKV1QiLCJhbGciOiJIUzI1NiJ9.eyJ0b2tlbl90eXBlIjoicmVmcmVzaCIsImV4cCI6MTYzNDI1MTU4NSwianRpIjoiZTYyN2MxZjZlM2I3NGI4YTk3YjlhZGVkOWQwMjFhMWEiLCJ1c2VyX2lkIjoyfQ.OZe7nmKbG73FdmsuAf_mbr7GpVTFMMnYWHENNvbk-IA", "created_at": "2021-10-13T22:46:25.629Z", "expires_at": "2021-10-14T22:46:25Z"}}, {"model": "token_blacklist.outstandingtoken", "pk": 80, "fields": {"user": 2, "jti": "40c2c6b2d1324abc95566738541e2af3", "token": "eyJ0eXAiOiJKV1QiLCJhbGciOiJIUzI1NiJ9.eyJ0b2tlbl90eXBlIjoicmVmcmVzaCIsImV4cCI6MTYzNDI1MTU4NSwianRpIjoiNDBjMmM2YjJkMTMyNGFiYzk1NTY2NzM4NTQxZTJhZjMiLCJ1c2VyX2lkIjoyfQ.1pfNH19nPcKWsokNgOd9h28GB85-98olLLHt5J008Sw", "created_at": "2021-10-13T22:46:25.676Z", "expires_at": "2021-10-14T22:46:25Z"}}, {"model": "token_blacklist.outstandingtoken", "pk": 81, "fields": {"user": 3, "jti": "07013cdd198f426790dd32f52ed9725f", "token": "eyJ0eXAiOiJKV1QiLCJhbGciOiJIUzI1NiJ9.eyJ0b2tlbl90eXBlIjoicmVmcmVzaCIsImV4cCI6MTYzNDI1OTQyOSwianRpIjoiMDcwMTNjZGQxOThmNDI2NzkwZGQzMmY1MmVkOTcyNWYiLCJ1c2VyX2lkIjozfQ.akDil36Z3gXKhL_d4V-2ffAZoPfr90qisjioQ1s48o0", "created_at": "2021-10-14T00:57:09.686Z", "expires_at": "2021-10-15T00:57:09Z"}}, {"model": "token_blacklist.outstandingtoken", "pk": 82, "fields": {"user": 3, "jti": "58dce5acc1634e8c8260d41ba861b3c8", "token": "eyJ0eXAiOiJKV1QiLCJhbGciOiJIUzI1NiJ9.eyJ0b2tlbl90eXBlIjoicmVmcmVzaCIsImV4cCI6MTYzNDI1OTQyOSwianRpIjoiNThkY2U1YWNjMTYzNGU4YzgyNjBkNDFiYTg2MWIzYzgiLCJ1c2VyX2lkIjozfQ.h-3tQAhCfdmcmnGPF5tpioVTPt3n2dgP6zPvqhxGVUI", "created_at": "2021-10-14T00:57:09.758Z", "expires_at": "2021-10-15T00:57:09Z"}}, {"model": "token_blacklist.outstandingtoken", "pk": 83, "fields": {"user": 4, "jti": "75d43e17e0d349c4b74363f1129a0dce", "token": "eyJ0eXAiOiJKV1QiLCJhbGciOiJIUzI1NiJ9.eyJ0b2tlbl90eXBlIjoicmVmcmVzaCIsImV4cCI6MTYzNDMwMzY2MywianRpIjoiNzVkNDNlMTdlMGQzNDljNGI3NDM2M2YxMTI5YTBkY2UiLCJ1c2VyX2lkIjo0fQ.Xcg3OESCdPYOzvkAhBcjEVHtK6xXsIyHtxi36pzuELs", "created_at": "2021-10-14T13:14:23.533Z", "expires_at": "2021-10-15T13:14:23Z"}}, {"model": "token_blacklist.outstandingtoken", "pk": 84, "fields": {"user": 4, "jti": "e16514c519e64a848635427b6d06158f", "token": "eyJ0eXAiOiJKV1QiLCJhbGciOiJIUzI1NiJ9.eyJ0b2tlbl90eXBlIjoicmVmcmVzaCIsImV4cCI6MTYzNDMwMzY2MywianRpIjoiZTE2NTE0YzUxOWU2NGE4NDg2MzU0MjdiNmQwNjE1OGYiLCJ1c2VyX2lkIjo0fQ.1-wiFYa39b77BU49Bu1XGK7NmrLjskWqMBHVYT6S4jI", "created_at": "2021-10-14T13:14:23.601Z", "expires_at": "2021-10-15T13:14:23Z"}}, {"model": "token_blacklist.outstandingtoken", "pk": 85, "fields": {"user": 4, "jti": "2528b80f04e044d0be49bb00c7d7c9ed", "token": "eyJ0eXAiOiJKV1QiLCJhbGciOiJIUzI1NiJ9.eyJ0b2tlbl90eXBlIjoicmVmcmVzaCIsImV4cCI6MTYzNDMwMzkzNywianRpIjoiMjUyOGI4MGYwNGUwNDRkMGJlNDliYjAwYzdkN2M5ZWQiLCJ1c2VyX2lkIjo0fQ.IpLfh_uoIml8rdjLUDLQaSx-V1k2aXmRTgCybtLXF28", "created_at": "2021-10-14T13:18:57.816Z", "expires_at": "2021-10-15T13:18:57Z"}}, {"model": "token_blacklist.outstandingtoken", "pk": 86, "fields": {"user": 4, "jti": "74e5c1ff9453462facd0d13b39b37b8f", "token": "eyJ0eXAiOiJKV1QiLCJhbGciOiJIUzI1NiJ9.eyJ0b2tlbl90eXBlIjoicmVmcmVzaCIsImV4cCI6MTYzNDMwMzkzNywianRpIjoiNzRlNWMxZmY5NDUzNDYyZmFjZDBkMTNiMzliMzdiOGYiLCJ1c2VyX2lkIjo0fQ.6UDwOu7yAZqFtIn09JKhCzulEOnHtP_Imfeu21LzXE8", "created_at": "2021-10-14T13:18:57.874Z", "expires_at": "2021-10-15T13:18:57Z"}}, {"model": "token_blacklist.outstandingtoken", "pk": 87, "fields": {"user": 3, "jti": "d3e288ffb3a546868efcaf44a6541cec", "token": "eyJ0eXAiOiJKV1QiLCJhbGciOiJIUzI1NiJ9.eyJ0b2tlbl90eXBlIjoicmVmcmVzaCIsImV4cCI6MTYzNDMxOTEyOCwianRpIjoiZDNlMjg4ZmZiM2E1NDY4NjhlZmNhZjQ0YTY1NDFjZWMiLCJ1c2VyX2lkIjozfQ.xlmy6AET9VPikQYgls4PeRMg8jDNwYVsOHU2G4pY2BQ", "created_at": "2021-10-14T17:32:08.001Z", "expires_at": "2021-10-15T17:32:08Z"}}, {"model": "token_blacklist.outstandingtoken", "pk": 88, "fields": {"user": 3, "jti": "4fe18158e9bf4e0f88aed04e818b16c0", "token": "eyJ0eXAiOiJKV1QiLCJhbGciOiJIUzI1NiJ9.eyJ0b2tlbl90eXBlIjoicmVmcmVzaCIsImV4cCI6MTYzNDMxOTEyOCwianRpIjoiNGZlMTgxNThlOWJmNGUwZjg4YWVkMDRlODE4YjE2YzAiLCJ1c2VyX2lkIjozfQ.AVcfIRjRIJTDgtxAtUMx7LW2nT3n3tfGtN12FWeJ2ls", "created_at": "2021-10-14T17:32:08.058Z", "expires_at": "2021-10-15T17:32:08Z"}}, {"model": "token_blacklist.outstandingtoken", "pk": 89, "fields": {"user": 4, "jti": "2d9db7060e3745b3a7a74a1cead9e911", "token": "eyJ0eXAiOiJKV1QiLCJhbGciOiJIUzI1NiJ9.eyJ0b2tlbl90eXBlIjoicmVmcmVzaCIsImV4cCI6MTYzNDMxOTc1NywianRpIjoiMmQ5ZGI3MDYwZTM3NDViM2E3YTc0YTFjZWFkOWU5MTEiLCJ1c2VyX2lkIjo0fQ.TvcQirB20siLFvx1m0Glge6iCgvV5voMKHYftOu9W08", "created_at": "2021-10-14T17:42:37.262Z", "expires_at": "2021-10-15T17:42:37Z"}}, {"model": "token_blacklist.outstandingtoken", "pk": 90, "fields": {"user": 4, "jti": "5c9691abb6424deaaf51d749ac958391", "token": "eyJ0eXAiOiJKV1QiLCJhbGciOiJIUzI1NiJ9.eyJ0b2tlbl90eXBlIjoicmVmcmVzaCIsImV4cCI6MTYzNDMxOTc1NywianRpIjoiNWM5NjkxYWJiNjQyNGRlYWFmNTFkNzQ5YWM5NTgzOTEiLCJ1c2VyX2lkIjo0fQ.PwtDTaTmsx3K8S2ydazgd6RxtOFcqlsv4U7pWZlh4ZE", "created_at": "2021-10-14T17:42:37.317Z", "expires_at": "2021-10-15T17:42:37Z"}}, {"model": "token_blacklist.outstandingtoken", "pk": 91, "fields": {"user": 4, "jti": "01134f316c1741c4bb949ed1772571a8", "token": "eyJ0eXAiOiJKV1QiLCJhbGciOiJIUzI1NiJ9.eyJ0b2tlbl90eXBlIjoicmVmcmVzaCIsImV4cCI6MTYzNDMyMDM2MCwianRpIjoiMDExMzRmMzE2YzE3NDFjNGJiOTQ5ZWQxNzcyNTcxYTgiLCJ1c2VyX2lkIjo0fQ.QGb-inroONIjzlManaiWW-QltdSL79nIPDvIFym0UXc", "created_at": "2021-10-14T17:52:40.449Z", "expires_at": "2021-10-15T17:52:40Z"}}, {"model": "token_blacklist.outstandingtoken", "pk": 92, "fields": {"user": 4, "jti": "bb6ee72b062b41e78acd9a0dcea97fa7", "token": "eyJ0eXAiOiJKV1QiLCJhbGciOiJIUzI1NiJ9.eyJ0b2tlbl90eXBlIjoicmVmcmVzaCIsImV4cCI6MTYzNDMyMDM2MCwianRpIjoiYmI2ZWU3MmIwNjJiNDFlNzhhY2Q5YTBkY2VhOTdmYTciLCJ1c2VyX2lkIjo0fQ.xsxpyM448aerHGGYYhF3Xmot2m-YN-t648AoeaLhxa8", "created_at": "2021-10-14T17:52:40.506Z", "expires_at": "2021-10-15T17:52:40Z"}}, {"model": "token_blacklist.outstandingtoken", "pk": 93, "fields": {"user": 4, "jti": "79ad1bace0544f9e8bca7d1a00f59379", "token": "eyJ0eXAiOiJKV1QiLCJhbGciOiJIUzI1NiJ9.eyJ0b2tlbl90eXBlIjoicmVmcmVzaCIsImV4cCI6MTYzNDMyMDQ2OSwianRpIjoiNzlhZDFiYWNlMDU0NGY5ZThiY2E3ZDFhMDBmNTkzNzkiLCJ1c2VyX2lkIjo0fQ.dSPRYIbe92yEZm-2aeTt6bX-2D9ya6G6Pr4qMQIY5EY", "created_at": "2021-10-14T17:54:29.951Z", "expires_at": "2021-10-15T17:54:29Z"}}, {"model": "token_blacklist.outstandingtoken", "pk": 94, "fields": {"user": 4, "jti": "4e5b8829fbb1431cab319144cd3fab60", "token": "eyJ0eXAiOiJKV1QiLCJhbGciOiJIUzI1NiJ9.eyJ0b2tlbl90eXBlIjoicmVmcmVzaCIsImV4cCI6MTYzNDMyMDQ3MCwianRpIjoiNGU1Yjg4MjlmYmIxNDMxY2FiMzE5MTQ0Y2QzZmFiNjAiLCJ1c2VyX2lkIjo0fQ.79Sxc91BuJMlbxNwn9r0FzERGxgi4dmNwC4DgwjlrpY", "created_at": "2021-10-14T17:54:30.012Z", "expires_at": "2021-10-15T17:54:30Z"}}, {"model": "token_blacklist.outstandingtoken", "pk": 95, "fields": {"user": 4, "jti": "f833047f9f2e4ef3b085be94580ea3ac", "token": "eyJ0eXAiOiJKV1QiLCJhbGciOiJIUzI1NiJ9.eyJ0b2tlbl90eXBlIjoicmVmcmVzaCIsImV4cCI6MTYzNDMyNDIwNiwianRpIjoiZjgzMzA0N2Y5ZjJlNGVmM2IwODViZTk0NTgwZWEzYWMiLCJ1c2VyX2lkIjo0fQ.PNJE23oiRqLwg-CWYJP1JCf0XZzcRLRshUHxezd9aQI", "created_at": "2021-10-14T18:56:46.583Z", "expires_at": "2021-10-15T18:56:46Z"}}, {"model": "token_blacklist.outstandingtoken", "pk": 96, "fields": {"user": 4, "jti": "48eb10b29db34ab3b9f2def84408c760", "token": "eyJ0eXAiOiJKV1QiLCJhbGciOiJIUzI1NiJ9.eyJ0b2tlbl90eXBlIjoicmVmcmVzaCIsImV4cCI6MTYzNDMyNDIwNiwianRpIjoiNDhlYjEwYjI5ZGIzNGFiM2I5ZjJkZWY4NDQwOGM3NjAiLCJ1c2VyX2lkIjo0fQ.a5mHE26PhMFa3XIqLIheZLvCcdE3C2dOuctA5hD7Lz8", "created_at": "2021-10-14T18:56:46.634Z", "expires_at": "2021-10-15T18:56:46Z"}}, {"model": "token_blacklist.outstandingtoken", "pk": 97, "fields": {"user": 2, "jti": "48259b96da614d9d97c91393a81b40fd", "token": "eyJ0eXAiOiJKV1QiLCJhbGciOiJIUzI1NiJ9.eyJ0b2tlbl90eXBlIjoicmVmcmVzaCIsImV4cCI6MTYzNDMyNjIxMSwianRpIjoiNDgyNTliOTZkYTYxNGQ5ZDk3YzkxMzkzYTgxYjQwZmQiLCJ1c2VyX2lkIjoyfQ.FGNznGUvYEI0zsjCZ0JAwq2_pYoxpwv6mT__m7GVSqg", "created_at": "2021-10-14T19:30:11.954Z", "expires_at": "2021-10-15T19:30:11Z"}}, {"model": "token_blacklist.outstandingtoken", "pk": 98, "fields": {"user": 2, "jti": "295421656aa84de2ae18383a22012f54", "token": "eyJ0eXAiOiJKV1QiLCJhbGciOiJIUzI1NiJ9.eyJ0b2tlbl90eXBlIjoicmVmcmVzaCIsImV4cCI6MTYzNDMyNjIxMiwianRpIjoiMjk1NDIxNjU2YWE4NGRlMmFlMTgzODNhMjIwMTJmNTQiLCJ1c2VyX2lkIjoyfQ.ijH6sxwRghVfcAQhzRZulNZMkgJf7ha6Foh8j7W8E8c", "created_at": "2021-10-14T19:30:12.002Z", "expires_at": "2021-10-15T19:30:12Z"}}, {"model": "token_blacklist.outstandingtoken", "pk": 99, "fields": {"user": 3, "jti": "2a58b1201ec94a61a121b9f9e4e6eb1f", "token": "eyJ0eXAiOiJKV1QiLCJhbGciOiJIUzI1NiJ9.eyJ0b2tlbl90eXBlIjoicmVmcmVzaCIsImV4cCI6MTYzNDMyNzc3OSwianRpIjoiMmE1OGIxMjAxZWM5NGE2MWExMjFiOWY5ZTRlNmViMWYiLCJ1c2VyX2lkIjozfQ.4-IbBhh_KgrDVwFQWLwMW3JCWH6PGbShJQ3lK18AsyI", "created_at": "2021-10-14T19:56:19.504Z", "expires_at": "2021-10-15T19:56:19Z"}}, {"model": "token_blacklist.outstandingtoken", "pk": 100, "fields": {"user": 3, "jti": "7cfae9a5171744f2b1fec34434081989", "token": "eyJ0eXAiOiJKV1QiLCJhbGciOiJIUzI1NiJ9.eyJ0b2tlbl90eXBlIjoicmVmcmVzaCIsImV4cCI6MTYzNDMyNzc3OSwianRpIjoiN2NmYWU5YTUxNzE3NDRmMmIxZmVjMzQ0MzQwODE5ODkiLCJ1c2VyX2lkIjozfQ.GWuUPrg2a7_BKgzIGMmQPUTrWgNWU_bkUBfL7q7skZ8", "created_at": "2021-10-14T19:56:19.552Z", "expires_at": "2021-10-15T19:56:19Z"}}, {"model": "token_blacklist.outstandingtoken", "pk": 101, "fields": {"user": 3, "jti": "1193c25ee0f244f5883b15cb7574a59b", "token": "eyJ0eXAiOiJKV1QiLCJhbGciOiJIUzI1NiJ9.eyJ0b2tlbl90eXBlIjoicmVmcmVzaCIsImV4cCI6MTYzNDMzMTk4NywianRpIjoiMTE5M2MyNWVlMGYyNDRmNTg4M2IxNWNiNzU3NGE1OWIiLCJ1c2VyX2lkIjozfQ.7fpH156fC1eN9KiDMq2J_LiyQTtkUJNh7Q-zvSwn-zw", "created_at": "2021-10-14T21:06:27.634Z", "expires_at": "2021-10-15T21:06:27Z"}}, {"model": "token_blacklist.outstandingtoken", "pk": 102, "fields": {"user": 3, "jti": "bd03f5b9883449e49cf1fda1d6b96644", "token": "eyJ0eXAiOiJKV1QiLCJhbGciOiJIUzI1NiJ9.eyJ0b2tlbl90eXBlIjoicmVmcmVzaCIsImV4cCI6MTYzNDMzMTk4NywianRpIjoiYmQwM2Y1Yjk4ODM0NDllNDljZjFmZGExZDZiOTY2NDQiLCJ1c2VyX2lkIjozfQ.4k4j5ACGw56DVKPd1J7-6VeU8p7RyKROEzubmW7_2H4", "created_at": "2021-10-14T21:06:27.699Z", "expires_at": "2021-10-15T21:06:27Z"}}, {"model": "token_blacklist.outstandingtoken", "pk": 103, "fields": {"user": 4, "jti": "fdddbad40de34f64b2a83c80a11b63e6", "token": "eyJ0eXAiOiJKV1QiLCJhbGciOiJIUzI1NiJ9.eyJ0b2tlbl90eXBlIjoicmVmcmVzaCIsImV4cCI6MTYzNDQwMzYyOSwianRpIjoiZmRkZGJhZDQwZGUzNGY2NGIyYTgzYzgwYTExYjYzZTYiLCJ1c2VyX2lkIjo0fQ.5Jtk7nogb3if4GuATTnqSFPvoaK_1INFRMUuzGhPp-c", "created_at": "2021-10-15T17:00:29.538Z", "expires_at": "2021-10-16T17:00:29Z"}}, {"model": "token_blacklist.outstandingtoken", "pk": 104, "fields": {"user": 4, "jti": "7d80d950a49242b89e961d99eb7e577d", "token": "eyJ0eXAiOiJKV1QiLCJhbGciOiJIUzI1NiJ9.eyJ0b2tlbl90eXBlIjoicmVmcmVzaCIsImV4cCI6MTYzNDQwMzYyOSwianRpIjoiN2Q4MGQ5NTBhNDkyNDJiODllOTYxZDk5ZWI3ZTU3N2QiLCJ1c2VyX2lkIjo0fQ.p_ceozoeS1GQmUzNHZHdlkdHOtjffQD-QK1Ca2LmDJ0", "created_at": "2021-10-15T17:00:29.607Z", "expires_at": "2021-10-16T17:00:29Z"}}, {"model": "token_blacklist.outstandingtoken", "pk": 105, "fields": {"user": 5, "jti": "a44331c7ced846d980af326e94ddf2f9", "token": "eyJ0eXAiOiJKV1QiLCJhbGciOiJIUzI1NiJ9.eyJ0b2tlbl90eXBlIjoicmVmcmVzaCIsImV4cCI6MTYzNDQwNDk3NSwianRpIjoiYTQ0MzMxYzdjZWQ4NDZkOTgwYWYzMjZlOTRkZGYyZjkiLCJ1c2VyX2lkIjo1fQ.iBfGQfbBGzHaH7VGl_Lho_kUSjS1mBmW17QcYfZBPfs", "created_at": "2021-10-15T17:22:55.055Z", "expires_at": "2021-10-16T17:22:55Z"}}, {"model": "token_blacklist.outstandingtoken", "pk": 106, "fields": {"user": 5, "jti": "afc62deed1504d26bd45feae9da00e45", "token": "eyJ0eXAiOiJKV1QiLCJhbGciOiJIUzI1NiJ9.eyJ0b2tlbl90eXBlIjoicmVmcmVzaCIsImV4cCI6MTYzNDQwNDk3NSwianRpIjoiYWZjNjJkZWVkMTUwNGQyNmJkNDVmZWFlOWRhMDBlNDUiLCJ1c2VyX2lkIjo1fQ.3b_E7XC8unMrRonOd5y0ioV8Fhe9KpaHJcDVwZiqdFI", "created_at": "2021-10-15T17:22:55.152Z", "expires_at": "2021-10-16T17:22:55Z"}}, {"model": "products.category", "pk": 1, "fields": {"title": "Ros Wine", "parent_category_id": null, "created_at": "2021-10-01T19:06:25.070Z", "updated_at": "2021-10-01T19:06:25.070Z"}}, {"model": "products.category", "pk": 2, "fields": {"title": "Red Wine", "parent_category_id": null, "created_at": "2021-10-06T15:25:28.483Z", "updated_at": "2021-10-06T15:25:28.483Z"}}, {"model": "products.category", "pk": 3, "fields": {"title": "White Wine", "parent_category_id": null, "created_at": "2021-10-06T15:25:58.398Z", "updated_at": "2021-10-06T15:25:58.398Z"}}, {"model": "products.category", "pk": 4, "fields": {"title": "Sparkling Wine", "parent_category_id": null, "created_at": "2021-10-06T16:04:31.481Z", "updated_at": "2021-10-06T16:04:31.481Z"}}, {"model": "products.product", "pk": 1, "fields": {"title": "Espumante Quinta Las Cabras Extra Brut 2020", "slug": "espumante-quinta-las-cabras-extra-brut-2020", "category": 1, "description": "Ros Wine Espumante Quinta Las Cabras Extra Brut 2020", "price": "100.00", "old_price": "89.25", "available": true, "image": "media/26419-01.png", "featured": true, "quantity": 50}}, {"model": "products.product", "pk": 2, "fields": {"title": "Garriguette Ros", "slug": "garriguette-rose", "category": 1, "description": "Garriguette Ros\r\nFrance France\r\nros\r\nDry\r\n750 ml", "price": "90.00", "old_price": "89.25", "available": true, "image": "media/22965-01.png", "featured": true, "quantity": 50}}, {"model": "products.product", "pk": 3, "fields": {"title": "Black Malbec Mendoza 2020", "slug": "black-malbec-mendoza-2020", "category": 2, "description": "Black Red Malbec Mendoza 2020, Argentine\r\nMedium Dry/Demi-Sec\r\n750 ml\r\nR$ 120,00 in cash or in 5x R$ 25,00", "price": "120.00", "old_price": "89.25", "available": true, "image": "media/26823-01.png", "featured": true, "quantity": 100}}, {"model": "products.product", "pk": 4, "fields": {"title": "Vineyard 1955 2018", "slug": "vineyard-1955-2018", "category": 2, "description": "Vineyard 1955 2018, Argentine\r\nDry\r\n750 ml\r\nR$ 150,00 in cash or in 5x R$ 31,00", "price": "150.00", "old_price": "89.25", "available": true, "image": "media/25040-01.png", "featured": true, "quantity": 100}}, {"model": "products.product", "pk": 5, "fields": {"title": "A Galet", "slug": "a-galet", "category": 2, "description": "The Red Galet, Spanish\r\nDry\r\n750 ml\r\nR$ 50,00 in cash or in 2x R$ 26,00", "price": "50.00", "old_price": "89.25", "available": true, "image": "media/25040-01_qftCLDO.png", "featured": true, "quantity": 100}}, {"model": "products.product", "pk": 6, "fields": {"title": "S of Sacred Red 2017", "slug": "s-of-sacred-red-2017", "category": 2, "description": "S of Sacred Red 2017, Portuguese\r\nDry\r\n750 ml\r\nR$ 90,00 in cash or in 3x R$ 32,00", "price": "90.00", "old_price": "89.25", "available": true, "image": "media/22467-01.png", "featured": true, "quantity": 100}}, {"model": "products.product", "pk": 7, "fields": {"title": "Sacred Reserve Red 2016", "slug": "sacred-reserve-red-2016", "category": 2, "description": "Sacred Reserve Red 2016, Argentine\r\n750ml\r\nR$ 89,90 in cash or in 4x R$ 23,50", "price": "89.90", "old_price": "89.25", "available": true, "image": "media/23531-01.png", "featured": true, "quantity": 100}}, {"model": "products.product", "pk": 8, "fields": {"title": "Holy D.O.C. Douro", "slug": "holy-doc-douro", "category": 3, "description": "Holy D.O.C. Douro White 2018 750 ml, Portuguese\r\nR$ 145,00 in cash or ir 5x R$ 30,00", "price": "145.50", "old_price": "155.99", "available": true, "image": "media/25416-01.png", "featured": true, "quantity": 100}}, {"model": "products.product", "pk": 9, "fields": {"title": "Simcic Rebula 2018", "slug": "simcic-rebula-2018", "category": 3, "description": "Simcic Rebula 2018 750 ml, Slovenia\r\nR$ 245,00 in cash or ir 5x R$ 50,00", "price": "245.50", "old_price": "255.90", "available": true, "image": "media/25300-01.png", "featured": true, "quantity": 100}}, {"model": "products.product", "pk": 10, "fields": {"title": "Beni di Batasiolo Muscatel Tard D.O.C", "slug": "beni-di-batasiolo-muscatel-tardi-doc", "category": 3, "description": "Beni di Batasiolo Muscatel Tard D.O.C. Piemonte Moscato Passito 2011 375 ml, Italian\r\nWhite\r\nMild/Sweet\r\nR$ 99,90 in cash or ir 5x R$ 22,00", "price": "99.90", "old_price": "125.00", "available": true, "image": "media/14639-01.png", "featured": true, "quantity": 100}}, {"model": "products.product", "pk": 11, "fields": {"title": "Domaine Maire & Fils Vin Jaune A.O.C", "slug": "domaine-maire-fils-vin-jaune-aoc", "category": 3, "description": "Domaine Maire & Fils Vin Jaune A.O.C. Arbois Blanc 2012 620ml, France\r\nWhite, Dry\r\nR$ 299,99 in cash or ir 5x R$ 62,00", "price": "299.99", "old_price": "330.00", "available": true, "image": "media/23899-01.png", "featured": true, "quantity": 100}}, {"model": "products.product", "pk": 12, "fields": {"title": "Land D.O. Toro Verdejo", "slug": "land-do-toro-verdejo", "category": 3, "description": "Land D.O. Toro Verdejo 2019, Spanish\r\nwhite, dry\r\nR$ 70,99 in cash or ir 3x R$ 25,00", "price": "70.99", "old_price": "80.99", "available": true, "image": "media/25766-01.png", "featured": true, "quantity": 100}}, {"model": "products.product", "pk": 13, "fields": {"title": "Unconscious D.O.Ca Rioja Tempranillo", "slug": "unconscious-doca-rioja-tempranillo", "category": 3, "description": "Unconscious DOC Rioja Tempranillo Blanco 2020 750 ml, Spanish\r\nwhite, dry\r\nR$ 110,00 in cash or ir 3x R$ 38,50", "price": "110.00", "old_price": "130.99", "available": true, "image": "media/26479-01.png", "featured": true, "quantity": 100}}, {"model": "products.product", "pk": 14, "fields": {"title": "Ropiteau Frres A.O.C. Puligny-Montrachet", "slug": "ropiteau-freres-aoc-puligny-montrachet", "category": 3, "description": "Ropiteau Frres A.O.C. Puligny-Montrachet Blanc 2018 750 ml, French\r\nwhite, dry\r\nR$ 190,00 in cash or ir 5x R$ 40,00", "price": "190.00", "old_price": "210.00", "available": true, "image": "media/26080-01.png", "featured": true, "quantity": 100}}, {"model": "products.product", "pk": 15, "fields": {"title": "Navaldar D.O.Ca Rioja Blanco", "slug": "navaldar-doca-rioja-blanco", "category": 3, "description": "Navaldar D.O.Ca Rioja Blanco 2020 750ml, Spanish\r\nwhite, dry\r\nR$ 95,00 in cash or ir 5x R$ 20,00", "price": "95.00", "old_price": "110.00", "available": true, "image": "media/26487-01.png", "featured": true, "quantity": 100}}, {"model": "products.product", "pk": 16, "fields": {"title": "Altivo Vineyard Selection Chardonnay", "slug": "altivo-vineyard-selection-chardonnay", "category": 3, "description": "Altivo Vineyard Selection Chardonnay 2019 750 ml, Argentine\r\nwhite, dry\r\nR$ 57,00 in cash or in 2x R$30,00", "price": "57.00", "old_price": "65.00", "available": true, "image": "media/25407-01.png", "featured": true, "quantity": 100}}, {"model": "products.product", "pk": 17, "fields": {"title": "Bianai D.O.Ca. Rioja Blanco", "slug": "bianai-doca-rioja-blanco", "category": 3, "description": "Bianai D.O.Ca. Rioja Blanco 2020 750 ml, Spanish\r\nwhite, dry\r\nR$ 65,00 in cash or in 2x R$35,00", "price": "65.00", "old_price": "70.00", "available": true, "image": "media/26577-01.png", "featured": true, "quantity": 100}}, {"model": "products.product", "pk": 18, "fields": {"title": "Marques de Casa Concha Chardonnay", "slug": "marques-de-casa-concha-chardonnay", "category": 3, "description": "Marques de Casa Concha Chardonnay 2019 750 ml, Chilean\r\nwhite, dry\r\nR$ 125,00 in cash or in 5x R$26,00", "price": "125.00", "old_price": "135.00", "available": true, "image": "media/27103-01.png", "featured": true, "quantity": 100}}, {"model": "products.product", "pk": 19, "fields": {"title": "Baron Philippe De Rothschild I.G.P Pays Doc Sauvignon Blanc", "slug": "baron-philippe-de-rothschild-igp-pays-doc-sauvigno", "category": 3, "description": "Baron Philippe De Rothschild I.G.P Pays Doc Sauvignon Blanc 2019 750 ml, French\r\nwhite, dry\r\nR$ 76,00 in cash or in 2x R$39,50", "price": "76.00", "old_price": "85.00", "available": true, "image": "media/25058-01.png", "featured": true, "quantity": 100}}, {"model": "products.product", "pk": 20, "fields": {"title": "Pioneer D.O. Ras Baixas Albario", "slug": "pioneer-do-rias-baixas-albarino", "category": 3, "description": "Pioneer D.O. Ras Baixas Albario 2019 750 ml, Spanish\r\nwhite, dry\r\nR$ 90,00 in cash or in 2x R$46,50", "price": "90.00", "old_price": "100.90", "available": true, "image": "media/25660-01.png", "featured": true, "quantity": 100}}, {"model": "products.product", "pk": 21, "fields": {"title": "Art de Vivre D.O.P. Clairette du Languedoc Adissan Blanc", "slug": "art-de-vivre-dop-clairette-du-languedoc-adissan-bl", "category": 3, "description": "Art de Vivre D.O.P. Clairette du Languedoc Adissan Blanc 2018 750 ml\r\nWhite, Medium Dry/Demi-Sec\r\nR$ 100,00 in cash or in 2x R$55,50", "price": "100.00", "old_price": "250.99", "available": true, "image": "media/25338-01.png", "featured": true, "quantity": 100}}, {"model": "products.product", "pk": 22, "fields": {"title": "Durbanville Hills Atlantic View Sauvignon Blanc", "slug": "durbanville-hills-atlantic-view-sauvignon-blanc", "category": 3, "description": "Durbanville Hills Atlantic View Sauvignon Blanc 2018 750 ml, South Africa\r\nwhite, dry\r\nR$ 85,50 in cash or in 2x R$45,50", "price": "85.50", "old_price": "115.50", "available": true, "image": "media/20411-01.png", "featured": true, "quantity": 100}}, {"model": "products.product", "pk": 23, "fields": {"title": "Protos O.D. Ribera del Duero Red Fino", "slug": "protos-od-ribera-del-duero-red-fino", "category": 2, "description": "Protos O.D. Ribera del Duero Red Fino 2018 750ml, Spanish\r\nred, dry\r\nR$150,00 in cash or in 3x  R$ 53,00", "price": "150.00", "old_price": "189.90", "available": true, "image": "media/25807-01.png", "featured": true, "quantity": 100}}, {"model": "products.product", "pk": 24, "fields": {"title": "Terras de Estremoz Special Selection Regional", "slug": "terras-de-estremoz-special-selection-regional", "category": 2, "description": "Terras de Estremoz Special Selection Regional Alentejano Red 2019 750 ml, Portuguese\r\nred, dry\r\nR$60,00 in cash or in 3x  R$ 22,00", "price": "60.00", "old_price": "89.90", "available": true, "image": "media/25960-01.png", "featured": true, "quantity": 100}}, {"model": "products.product", "pk": 25, "fields": {"title": "Assembled Red", "slug": "assembled-red", "category": 2, "description": "Assembled Red 2019 750 ml, Spanish\r\nred, dry\r\nR$69,00 in cash or in 3x  R$ 22,00", "price": "69.00", "old_price": "85.99", "available": true, "image": "media/25083-01.png", "featured": true, "quantity": 100}}, {"model": "products.product", "pk": 26, "fields": {"title": "Whitewashed Wall", "slug": "whitewashed-wall", "category": 2, "description": "Whitewashed Wall 750 ml, Portugal\r\nred, dry\r\nR$58,90 in cash or in 3x  R$ 22,00", "price": "58.90", "old_price": "72.99", "available": true, "image": "media/23140-01.png", "featured": true, "quantity": 100}}, {"model": "products.product", "pk": 27, "fields": {"title": "Quinta de So Joo Cuve", "slug": "quinta-de-sao-joao-cuvee", "category": 2, "description": "Quinta de So Joo Cuve RB Red 2018 750ml, Portugal\r\nred, dry\r\nR$55,90 in cash or in 3x  R$ 20,00", "price": "55.90", "old_price": "69.90", "available": true, "image": "media/24811-01.png", "featured": true, "quantity": 100}}, {"model": "products.product", "pk": 28, "fields": {"title": "Palomeras O.D. Navarre Red", "slug": "palomeras-od-navarre-red", "category": 2, "description": "Palomeras O.D. Navarre Red 2020 750 ml, Portugal\r\nred, dry\r\nR$69,90 in cash or in 3x  R$ 23,50", "price": "69.90", "old_price": "79.99", "available": true, "image": "media/26491-01.png", "featured": true, "quantity": 100}}, {"model": "products.product", "pk": 29, "fields": {"title": "Frisante Pedro Teixeira Red", "slug": "frisante-pedro-teixeira-red", "category": 2, "description": "Frisante Pedro Teixeira Red 750 ml, Portugal\r\nMedium Dry/Demi-Sec Frizzer\r\nR$150,00 in cash or in 5x R$ 32,00", "price": "150.00", "old_price": "169.90", "available": true, "image": "media/1.png", "featured": true, "quantity": 100}}, {"model": "products.product", "pk": 30, "fields": {"title": "El Bautismo Blend Of Paints", "slug": "el-bautismo-blend-of-paints", "category": 2, "description": "El Bautismo Blend Of Paints 2020 750 ml, Argentino\r\nred, dry\r\nR$50,00 in cash or in 2x R$ 27,00", "price": "50.00", "old_price": "69.90", "available": true, "image": "media/2.png", "featured": true, "quantity": 100}}, {"model": "products.product", "pk": 31, "fields": {"title": "Alfacinha Regional Lisbon", "slug": "alfacinha-regional-lisbon", "category": 2, "description": "Alfacinha Regional Lisbon Red 2019 750ml, Portugal Red Medium Dry/Demi-Sec\r\nR$69,90 in cash or in 3x R$ 25,00", "price": "69.90", "old_price": "89.90", "available": true, "image": "media/3.png", "featured": true, "quantity": 100}}, {"model": "products.product", "pk": 32, "fields": {"title": "JP Azeito Selection of Winemaker Red", "slug": "jp-azeitao-selection-of-winemaker-red", "category": 2, "description": "JP Azeito Selection of Winemaker Red 2020 750 ml, Portugal\r\nRed, Medium Dry/Demi-Sec\r\nR$89,90 in cash or in 3x R$ 32,00", "price": "89.90", "old_price": "100.00", "available": true, "image": "media/4.png", "featured": true, "quantity": 100}}, {"model": "products.product", "pk": 34, "fields": {"title": "Vik A Ros", "slug": "vik-a-rose", "category": 1, "description": "Vik A Ros 2020 750 ml, Chilean\r\nRos, Dry\r\nR$ 99,90  in cash or in 3x R$ 36,00", "price": "99.90", "old_price": "129.90", "available": true, "image": "media/6.png", "featured": true, "quantity": 100}}, {"model": "products.product", "pk": 35, "fields": {"title": "Black Wolf Ros", "slug": "black-wolf-rose", "category": 1, "description": "Black Wolf Ros 750 ml, Spanish\r\nRos, Dry\r\nR$ 39,90  in cash or in 2x R$ 22,00", "price": "39.90", "old_price": "50.00", "available": true, "image": "media/7.png", "featured": true, "quantity": 100}}, {"model": "products.product", "pk": 36, "fields": {"title": "the Galet Rosado", "slug": "the-galet-rosado", "category": 1, "description": "the Galet Rosado 750 ml, Spanish\r\nRos, Dry\r\nR$ 59,90  in cash or in 2x R$ 33,00", "price": "59.90", "old_price": "70.00", "available": true, "image": "media/8.png", "featured": true, "quantity": 100}}, {"model": "products.product", "pk": 37, "fields": {"title": "Davideira Ros", "slug": "davideira-rose", "category": 1, "description": "Davideira Ros 750ml, Portugal\r\nRos, Dry\r\nR$ 89,90  in cash or in 3x R$ 31,50", "price": "89.90", "old_price": "100.00", "available": true, "image": "media/9.png", "featured": true, "quantity": 100}}, {"model": "products.product", "pk": 38, "fields": {"title": "Mosen Pierre Ros", "slug": "mosen-pierre-rose", "category": 1, "description": "Mosen Pierre Ros 750 ml, Spanish\r\nRos, Dry\r\nR$ 99,90  in cash or in 3x R$ 36,50", "price": "99.90", "old_price": "125.00", "available": true, "image": "media/10.png", "featured": true, "quantity": 100}}, {"model": "products.product", "pk": 39, "fields": {"title": "Assembled Ros", "slug": "assembled-rose", "category": 1, "description": "Assembled Ros 2020 750 ml, Spanish\r\nRos, Dry\r\nR$ 69,90  in cash or in 3x R$ 25,50", "price": "69.90", "old_price": "90.00", "available": true, "image": "media/11.png", "featured": true, "quantity": 100}}, {"model": "products.product", "pk": 40, "fields": {"title": "Ros  La Rose A.O.C. Ctes de Provence", "slug": "rose-a-la-rose-aoc-cotes-de-provence-2", "category": 1, "description": "Ros  La Rose A.O.C. Ctes de Provence  2019 750 ml, French\r\n Dry\r\nR$ 114,90  in cash or in 3x R$ 41,50", "price": "114.90", "old_price": "150.00", "available": true, "image": "media/12.png", "featured": true, "quantity": 100}}, {"model": "products.product", "pk": 41, "fields": {"title": "Paine Ros", "slug": "paine-rose", "category": 1, "description": "Paine Ros 2020 750 ml, Chilean\r\nMedium Dry/Demi-Sec\r\nR$ 114,90  in cash or in 3x R$ 41,50", "price": "114.90", "old_price": "150.00", "available": true, "image": "media/13.png", "featured": true, "quantity": 100}}, {"model": "products.product", "pk": 42, "fields": {"title": "Apothic Ros", "slug": "apothic-rose", "category": 1, "description": "Apothic Ros 2019 750 ml, United States\r\nMedium Dry/Demi-Sec\r\nR$ 149,90  in cash or in 3x R$ 40,00", "price": "149.90", "old_price": "200.00", "available": true, "image": "media/14.png", "featured": true, "quantity": 100}}, {"model": "products.product", "pk": 43, "fields": {"title": "Le Ros de S.I.G.P. Mditerrane", "slug": "le-rose-de-sigp-mediterranee", "category": 1, "description": "Le Ros de S.I.G.P. Mditerrane 2019 750 ml, French\r\nDry \r\nR$ 199,90  in cash or in 4x R$ 55,00", "price": "199.90", "old_price": "240.00", "available": true, "image": "media/15.png", "featured": true, "quantity": 100}}, {"model": "products.product", "pk": 44, "fields": {"title": "Montaudon Brut", "slug": "montaudon-brut", "category": 4, "description": "Montaudon Brut sparkling wine 750 ml, French\r\nSparkling wine\r\nGross\r\nR$150,00 in cash or in 4x R$ 40,00", "price": "150.00", "old_price": "175.50", "available": true, "image": "media/16.png", "featured": true, "quantity": 100}}, {"model": "products.product", "pk": 45, "fields": {"title": "La Grande Dame Ros", "slug": "la-grande-dame-rose", "category": 4, "description": "La Grande Dame Ros 2004 750ml, French\r\nSparkling wine\r\nGross\r\nR$499,99 in cash or in 5x R$ 110,00", "price": "499.99", "old_price": "650.00", "available": true, "image": "media/17.png", "featured": true, "quantity": 100}}, {"model": "products.product", "pk": 46, "fields": {"title": "Dom Ruinart Ros", "slug": "dom-ruinart-rose", "category": 4, "description": "Dom Ruinart Ros 750 ml With Case, French\r\nSparkling wine\r\nGross\r\nR$390,99 in cash or in 5x R$ 80,00", "price": "390.99", "old_price": "480.00", "available": true, "image": "media/18.png", "featured": true, "quantity": 100}}, {"model": "products.product", "pk": 47, "fields": {"title": "Royal De Aragon D.O. Cava", "slug": "royal-de-aragon-do-cava", "category": 4, "description": "Royal De Aragon D.O. Cava Ros Brut 750 ml, Spanish\r\nSparkling wine\r\nGross\r\nR$100,00 in cash or in 5x R$ 23,00", "price": "100.00", "old_price": "250.00", "available": true, "image": "media/19.png", "featured": true, "quantity": 100}}, {"model": "products.product", "pk": 48, "fields": {"title": "Champagne Montaudon Brut Magnum", "slug": "champagne-montaudon-brut-magnum", "category": 4, "description": "Champagne Montaudon Brut Magnum 1500ml, French\r\nSparkling wine\r\nGross\r\nR$525,00 in cash or in 5x R$ 110,00", "price": "525.00", "old_price": "650.00", "available": true, "image": "media/20.png", "featured": true, "quantity": 100}}, {"model": "products.product", "pk": 49, "fields": {"title": "Champagne Jacquart Mosaque", "slug": "champagne-jacquart-mosaique", "category": 4, "description": "Champagne Jacquart Mosaque Brut 750 m, French\r\nSparkling wine\r\nGross\r\nR$230,00 in cash or in 5x R$ 50,00", "price": "230.00", "old_price": "299.99", "available": true, "image": "media/21.png", "featured": true, "quantity": 100}}, {"model": "products.product", "pk": 50, "fields": {"title": "Champagne Krug Grande Cuve Brut", "slug": "champagne-krug-grande-cuvee-brut", "category": 4, "description": "Champagne Krug Grande Cuve Brut 750 ml, French\r\nSparkling wine\r\nExtra Gross\r\nR$310,00 in cash or in 5x R$ 70,00", "price": "310.00", "old_price": "380.00", "available": true, "image": "media/22.png", "featured": true, "quantity": 100}}, {"model": "products.product", "pk": 51, "fields": {"title": "Champagne Krug Ros Brut", "slug": "champagne-krug-rose-brut", "category": 4, "description": "Champagne Krug Ros Brut 750 ml, French\r\nSparkling wine\r\nExtra Gross\r\nR$99,99 in cash or in 5x R$ 24,00", "price": "99.99", "old_price": "175.00", "available": true, "image": "media/23.png", "featured": true, "quantity": 100}}, {"model": "products.product", "pk": 52, "fields": {"title": "Champagne Montaudon Grande Ros", "slug": "champagne-montaudon-grande-rose", "category": 4, "description": "Champagne Montaudon Grande Ros 750 ml, French\r\nSparkling wine\r\nExtra Gross\r\nR$150,50 in cash or in 5x R$ 34,00", "price": "150.50", "old_price": "190.99", "available": true, "image": "media/24.png", "featured": true, "quantity": 100}}, {"model": "products.product", "pk": 53, "fields": {"title": "Fantinel One & Only Prosecco O.C. Brut 2019 750 ml, Italian", "slug": "fantinel-one-only-prosecco-oc-brut-2019-750-ml-ita", "category": 4, "description": "Fantinel One & Only Prosecco O.C. Brut 2019 750 ml, Italian\r\nSparkling wine\r\nGross\r\nR$260,00 in cash or in 5x R$ 58,00", "price": "260.00", "old_price": "310.00", "available": true, "image": "media/25.png", "featured": true, "quantity": 100}}, {"model": "products.product", "pk": 54, "fields": {"title": "Chandon Riche", "slug": "chandon-riche", "category": 4, "description": "Chandon Riche Demi-Sec 750 ml, Brazilian\r\nSparkling wine\r\nMedium Dry/Demi-Sec\r\nR$90,00 in cash or in 3x R$ 33,00", "price": "90.00", "old_price": "110.00", "available": true, "image": "media/ultimo.png", "featured": true, "quantity": 100}}, {"model": "carts.cart", "pk": 27, "fields": {"user": 3, "item": 2, "quantity": 1, "created_at": "2021-10-08T14:28:57.976Z", "updated_at": "2021-10-08T14:28:57.977Z"}}, {"model": "carts.cart", "pk": 28, "fields": {"user": 3, "item": 1, "quantity": 1, "created_at": "2021-10-08T14:38:19.506Z", "updated_at": "2021-10-14T17:55:04.854Z"}}, {"model": "carts.cart", "pk": 42, "fields": {"user": 4, "item": 1, "quantity": 2, "created_at": "2021-10-13T12:23:03.994Z", "updated_at": "2021-10-14T13:15:22.606Z"}}, {"model": "carts.cart", "pk": 43, "fields": {"user": 4, "item": 10, "quantity": 1, "created_at": "2021-10-13T12:23:09.610Z", "updated_at": "2021-10-13T12:23:09.610Z"}}, {"model": "carts.cart", "pk": 46, "fields": {"user": 5, "item": 1, "quantity": 4, "created_at": "2021-10-13T22:34:38.369Z", "updated_at": "2021-10-15T17:23:25.654Z"}}, {"model": "carts.cart", "pk": 48, "fields": {"user": 4, "item": 21, "quantity": 1, "created_at": "2021-10-14T13:14:54.594Z", "updated_at": "2021-10-14T13:14:54.594Z"}}, {"model": "carts.cart", "pk": 49, "fields": {"user": 4, "item": 5, "quantity": 2, "created_at": "2021-10-14T13:56:43.104Z", "updated_at": "2021-10-14T13:56:43.104Z"}}, {"model": "carts.cart", "pk": 51, "fields": {"user": 2, "item": 16, "quantity": 2, "created_at": "2021-10-14T19:31:07.444Z", "updated_at": "2021-10-15T12:09:22.407Z"}}, {"model": "discounts.coupon", "pk": 1, "fields": {"minimum_cart_amount": "100.00", "discount_rate": 20, "created_at": "2021-10-14T19:37:56.964Z", "updated_at": "2021-10-14T19:37:56.964Z"}}, {"model": "users.user", "pk": 1, "fields": {"password": "pbkdf2_sha256$216000$ODKU5kVVRs5U$tnvI1qQszbf84V6e/kMKq1huJjb1YyIc9hPYumg5ooo=", "last_login": null, "is_superuser": false, "username": "xadrak", "email": "adriano@sol.app.br", "featured_image": "default.jpg", "is_verified": true, "is_active": true, "is_staff": false, "birth_date": null, "created_at": "2021-09-30T00:39:33.400Z", "updated_at": "2021-10-05T18:17:22.846Z", "auth_provider": "email", "groups": [], "user_permissions": []}}, {"model": "users.user", "pk": 2, "fields": {"password": "pbkdf2_sha256$216000$gjLACzXG6qq0$2W2IYi6ufd3R92s8pPTGJ51qEL31E80FIZ5TW5CBp7Q=", "last_login": null, "is_superuser": false, "username": "admin", "email": "luigicleffi674@gmail.com", "featured_image": "default.jpg", "is_verified": true, "is_active": true, "is_staff": false, "birth_date": null, "created_at": "2021-10-05T13:19:19.633Z", "updated_at": "2021-10-05T13:19:41.401Z", "auth_provider": "email", "groups": [], "user_permissions": []}}, {"model": "users.user", "pk": 3, "fields": {"password": "pbkdf2_sha256$216000$fDdJAjx1dcoa$W58ekXT1JvU2iIIA5H+O423pl4xffjfgDnXocePuEDw=", "last_login": null, "is_superuser": false, "username": "testes", "email": "Testeseduarda@gmail.com", "featured_image": "default.jpg", "is_verified": true, "is_active": true, "is_staff": false, "birth_date": null, "created_at": "2021-10-05T19:07:00.244Z", "updated_at": "2021-10-05T19:31:23.453Z", "auth_provider": "email", "groups": [], "user_permissions": []}}, {"model": "users.user", "pk": 4, "fields": {"password": "pbkdf2_sha256$216000$FhwLADzZqXMz$ASIkhV5SFCDAIlAjzyyBjmPTcm6w4VmN4FIIGgKYFL4=", "last_login": null, "is_superuser": false, "username": "MMedeiros03", "email": "matheusmedeiros2003@gmail.com", "featured_image": "default.jpg", "is_verified": true, "is_active": true, "is_staff": false, "birth_date": null, "created_at": "2021-10-06T14:43:42.979Z", "updated_at": "2021-10-06T14:44:11.244Z", "auth_provider": "email", "groups": [], "user_permissions": []}}, {"model": "users.user", "pk": 5, "fields": {"password": "pbkdf2_sha256$216000$1BlOlBBPSCjg$qxc4T3mRNoi55Zx7ARqukE9xAYtJBxLxX/o+okPH3aM=", "last_login": null, "is_superuser": false, "username": "amanda", "email": "amandarafaela1415@gmail.com", "featured_image": "default.jpg", "is_verified": true, "is_active": true, "is_staff": false, "birth_date": null, "created_at": "2021-10-06T15:17:34.213Z", "updated_at": "2021-10-06T15:18:18.713Z", "auth_provider": "email", "groups": [], "user_permissions": []}}, {"model": "users.user", "pk": 6, "fields": {"password": "pbkdf2_sha256$216000$5QjisDu5pgMm$FcPdPL43gPShzOLxCLMk7BIzgX3Yr2Y2s3PF+P0vCRg=", "last_login": null, "is_superuser": false, "username": "Luigi", "email": "luigi674@gmail.com", "featured_image": "default.jpg", "is_verified": false, "is_active": true, "is_staff": false, "birth_date": null, "created_at": "2021-10-11T00:50:27.593Z", "updated_at": "2021-10-11T00:50:27.593Z", "auth_provider": "email", "groups": [], "user_permissions": []}}]